,val_loss,val_auprc,val_auroc,val_acc,val_false_negatives,val_false_positives,val_true_negatives,val_true_positives,val_precision,val_recall,loss,auprc,auroc,acc,false_negatives,false_positives,true_negatives,true_positives,precision,recall
0,0.09261576893195271,0.012897047243955469,0.5290766402859498,0.988385851792923,0.0,130649.1847510485,2.010431229164426,1581.6166254435961,0.011962936714801151,1.0,0.08368622196647202,0.011560567260603291,0.503362401945209,0.9819980065591936,0.0,54097.48845955313,0.0,645.360002949635,0.011609302249582355,1.0
1,0.08871234019296645,0.017649102440869657,0.5898546621881258,0.988385851792923,0.0,283781.41025916766,5.784923110011829,3428.616625443596,0.011937995283817468,1.0,0.06325992819406111,0.015800708191175787,0.5701557264049517,0.987943366291899,0.0,207222.9578939606,5.0,2497.890568542143,0.01190778953575071,1.0
2,0.10221852205997385,0.02940396922646011,0.639678275018549,0.988385851792923,0.0,436824.7521238843,98.44305839337564,5275.616625443596,0.01193316827536892,1.0,0.05298542427310448,0.02513238418336094,0.6238728488285399,0.9879802364962316,0.0,360357.8618833419,10.4651574367672,4340.521421724062,0.011900302840289765,1.0
3,0.11208990888562122,0.06357914361317948,0.6877687153976212,0.988385851792923,6.182492741154963,588409.3848800947,1649.8103021830304,7116.434132702441,0.011949808807413236,0.9991397370906501,0.036596597197386824,0.04953553952371755,0.6685542731226726,0.9879433666523135,0.0,513011.6984735639,484.21288990487426,6195.937099033995,0.01193332355101359,1.0
4,0.11224729876397617,0.1127065032638841,0.7220784891534973,0.986278096525012,11.913754167114744,735698.9302075492,7496.264974728466,8957.70287127648,0.012029239004781322,0.9986748939073782,0.028022596715175423,0.09241462870580715,0.7067886442220735,0.9899712418237009,9.0,662583.5140476367,4050.9505936140404,8031.3838212521205,0.011975095158058403,0.9988781963862041
5,0.12017348719974502,0.1696112334330834,0.7468535051651957,0.9767501819504244,16.290246263039037,881755.0506506076,14576.144531670072,10800.326379180557,0.012100482620126599,0.9984947647032064,0.023045038137768703,0.1584225108783977,0.735554848468178,0.99307757298263,14.0,808246.425632328,11515.309932895803,9882.112897278961,0.01207830691927819,0.998583293806776
6,0.12168300098944176,0.22613258908058778,0.7668857284483954,0.9769867732263608,18.41929239703194,1023551.3520808689,25915.843101408755,12645.197333046564,0.012203519053096983,0.9985459361015847,0.015259793221834605,0.20245406987586034,0.7576925776567566,0.9955571083076302,17.0,952110.6750977066,20796.453211415086,11716.720153381018,0.01215526512099118,0.9985496568016998
7,0.13220708713725454,0.28034218740676065,0.7813947266090915,0.9867082492922413,36.976126465211316,1155555.0423701473,47048.152812130334,14473.640498978384,0.012370339959738864,0.9974602350676902,0.011684624250884419,0.25233359075025086,0.7753929175306286,0.996229996113165,19.0,1090207.672590517,35830.83769633508,13566.338175650762,0.012289481475014187,0.9986003257779805
8,0.15104356436242158,0.3320608302295458,0.7912128881134388,0.9883213295566355,118.60619421443165,1270201.2242176577,85537.97096461985,16239.010431229164,0.012623168250956687,0.9927686251405875,0.009727776479001936,0.3094639396273662,0.786985934941029,0.9968291448769725,59.0,1214479.7473637636,64683.4160460143,15384.685052724726,0.012507752824900785,0.9961773000295495
9,0.16372364024242184,0.37558160106755545,0.7990246362642058,0.9879341897291193,292.5365093020755,1369555.5843639101,139319.61081836757,17912.080116141522,0.012909864363922479,0.9839602994885492,0.007545526270009427,0.3559246467819661,0.7953936311578198,0.9976679499271863,181.0,1323606.7144753337,108702.82796253964,17099.30602462945,0.012752619545955406,0.9895205300304885
10,0.1438303510988447,0.40922797007616624,0.8052844386073079,0.9864286465252045,446.4252070115066,1464355.9336487795,197655.2615334982,19605.19141843209,0.013211396923331769,0.9777438299850003,0.007003791404463922,0.3947075295238208,0.8024433348507808,0.9977416920236462,403.0,1412898.9415234865,172536.12049258905,18734.786446427253,0.013085154112024334,0.9789341769820776
11,0.1642393655646346,0.43751474066323676,0.8106743486764187,0.9876115753043273,615.6210345198408,1550732.4411227014,264414.7540595763,21282.995590923754,0.013538641738542589,0.9719091612993485,0.006054083313943345,0.42463739813319107,0.808364792226488,0.9980182191824704,492.0,1511656.6124179633,226917.4453211415,20489.79072339798,0.013372165781940478,0.9765434898367393
12,0.1757876846559946,0.46314675726035753,0.8147723010527548,0.9879987138498854,930.2700290353802,1618045.6731906657,350237.521991612,22815.346596408217,0.013904488445087869,0.9608521665766849,0.004491941384690272,0.45104472927134365,0.8128897209020151,0.9985897132503134,740.0,1586855.937688961,304860.4802005752,22082.430572966594,0.013723850338493496,0.9675668490802404
13,0.17330204675512706,0.4844228611324202,0.8184626337494539,0.9854177864524213,1263.7059898913863,1666281.5955479085,455137.5996343693,24328.91063555221,0.014390604776122074,0.9506395216949115,0.0026560305629774526,0.4752878492015291,0.8166424398594185,0.9992257294450201,1119.0,1641200.3305065997,403659.1296364575,23543.38831944547,0.01414148845811433,0.9546163709815401
14,0.1550592131746855,0.49838519889906613,0.8212787821890526,0.9859339746432556,1479.5716743735886,1738575.0017206152,535980.1934616625,25960.04495107001,0.014712146794136422,0.9460870667880217,0.005911422173286358,0.4915004032554462,0.8199577516453183,0.9979905681170226,1398.0,1697051.8809822286,500944.77745004056,25110.19003023376,0.014579825334036107,0.947250881849792
15,0.17486540397427033,0.514797235460791,0.8239545222956309,0.9876976069141068,1747.8303043337994,1797305.3641251747,630385.8310571029,27538.786321109797,0.0150910311191553,0.9403372955060746,0.0025959827323880644,0.5064788196618012,0.8226600334704269,0.999188857834192,1563.0,1774029.9839244892,577106.5182508664,26788.346287146967,0.014874919198920976,0.9448604508272956
16,0.16452512537001127,0.5276569558005266,0.8262492134335452,0.9855683377794404,2041.471771158189,1847547.4943542317,733279.7008280461,29092.14485428541,0.015502274529360446,0.9344378311232298,0.004056993383550135,0.5224816756221751,0.8252927874861262,0.9985989307673331,1926.0,1818879.905980385,685363.0445394883,28301.8979426296,0.015321008781331446,0.9362739391202429
17,0.16479321941853545,0.5381592906012382,0.8281885017334921,0.9864071427923286,2289.2445424239168,1905065.694053124,828897.5011291537,30691.37208301968,0.015854973309939877,0.9305974560433119,0.004513530165213244,0.5329865628345096,0.8271969374315672,0.9984422312286714,2154.0,1876146.696556301,781271.1891453433,29881.962760858343,0.015676973291657865,0.9327533773753189
18,0.17496504974417795,0.5489043583984284,0.8298855713585754,0.9878696623649991,2604.839660178514,1953012.9570921604,934086.2380901172,32222.776965265082,0.01623120699196025,0.9252203171811368,0.0032374572089427234,0.543712748871837,0.8291627742549538,0.9989307661401462,2415.0,1931557.0291276455,878971.5265835853,31493.29275127203,0.01604248779869064,0.9287697553115998
19,0.17404860450235896,0.5580971630968987,0.8313867754289599,0.9860845246883166,2948.3169157973975,1997950.8710614045,1042284.3241208732,33726.2997096462,0.016600231484302987,0.9196175131852659,0.003284975230398096,0.5541034858229061,0.8306267705430289,0.998893894836989,2796.0,1973420.5265098445,990259.1829511098,32944.13900154856,0.016419302704013667,0.9217599093206389
20,0.1591713744620185,0.5649395920356277,0.8327029373058902,0.9873749880409199,3203.237337348102,2059406.434025164,1133964.7611571136,35318.37928809549,0.016860652917076443,0.9168500365179217,0.004999903389664739,0.5614068847333389,0.8321497370980322,0.9983224022020132,3101.0,2024791.90472679,1092009.2593466558,34500.684389056856,0.016753156200033727,0.9175218479197845
21,0.17913610182669693,0.5737852158822325,0.8339395742157939,0.987783635280532,3508.5148940746317,2104589.6417894396,1241917.553392838,36860.101731368966,0.017212686677051624,0.9130985811969672,0.0016083613627860941,0.5694661921706227,0.8333690465793225,0.9995575593500817,3296.0,2087859.772509402,1182086.6921318488,36143.38382125212,0.01701620499992228,0.9164210982347658
22,0.1683103898785514,0.5810776303655192,0.8350758402754458,0.9869448327097743,3863.748144961824,2139491.287342725,1360151.9078395527,38351.868480481775,0.017610036213071528,0.9084817650933742,0.002644154321770175,0.57799353885946,0.8345632706452555,0.9990598085961961,3720.0,2117632.2477693385,1305440.0867192685,37576.51397389573,0.017434859648484253,0.9099123367086359
23,0.16722978285524534,0.586131159971319,0.8362423437669054,0.9792880899086475,4105.7863211097965,2192487.601247446,1460291.5939348317,39956.8303043338,0.01789828078607575,0.9068223359777359,0.003420690200339819,0.5842928851822574,0.8355753306934294,0.9988662423650456,4006.0,2164058.129931421,1412164.1508000884,39123.56773099329,0.017757356606094756,0.9071100411333524
24,0.17883769628043097,0.5911357584583181,0.8372359642457906,0.9873534825133026,4399.419722550812,2232809.2254005806,1573105.969781697,41510.196902892785,0.01825170120273832,0.904179786569214,0.0025159028921283824,0.588475954777881,0.8369393660100756,0.9991335534397177,4193.0,2216905.4223139887,1512421.1221886291,40815.303959884965,0.018077779008435046,0.9068331469407204
25,0.1765118418861325,0.5965854196423342,0.8381311433240154,0.9851381875761274,4767.960856006022,2266329.655339284,1692721.539842994,42988.65576943757,0.018615303887590143,0.9001668604910662,0.002047089855030531,0.5943933139771419,0.837725794681906,0.9993179045932393,4596.0,2249070.5734827816,1633400.672443035,42250.602536686085,0.018439075280409164,0.9018862082115906
26,0.17512423400180752,0.6011929515997996,0.8388818650876902,0.9874825302292319,5119.7655661899125,2299168.8843961717,1813018.310786106,44483.851059253684,0.01898056590984311,0.8967921414456325,0.0027958444221523435,0.5987629013755629,0.8385513239171984,0.9991612048128363,4932.0,2281923.3423051396,1753709.556227417,43735.94992994617,0.018805531682564037,0.8986541073271838
27,0.16704724626584597,0.6057725547590439,0.8396076161459654,0.9870308674859903,5451.016238305194,2335771.2654048824,1929551.9297773954,45999.6003871384,0.019313205181967445,0.894057578810544,0.00286432558906692,0.6037039325596106,0.8392484459445572,0.9991151179090098,5300.0,2316256.4936214145,1872502.6803333086,45224.674507779666,0.019150676995122445,0.8950949962507807
28,0.18081745427614232,0.6106097863584273,0.8403090237801992,0.9876760988225731,5824.761694805893,2367134.6209269813,2051324.5742552963,47472.8549306377,0.019660691804090216,0.8907187481774658,0.0015147091108167795,0.608355576969531,0.840036360007561,0.9994285144810128,5600.0,2355295.0775754,1986595.4138337881,46776.357053314656,0.019473056188123117,0.8930758964909045
29,0.1781237142671115,0.6144145725939733,0.8408810849509735,0.9861920623064477,6233.73276696419,2392496.3618668676,2179098.83331541,48910.88385847941,0.020033892446209286,0.8869613805872507,0.0023809672825964158,0.6127986650658203,0.8406495753093047,0.9992349471774093,6041.0,2378372.396062237,2116648.933485731,48187.518914534325,0.01985811522144935,0.8885956435206717
30,0.17991757827947852,0.6181058735472629,0.8414787477364475,0.9862780952430538,6626.99956984622,2418124.238950425,2306606.956231853,50364.61705559737,0.020403017339111658,0.8837246190785003,0.0019464665482658908,0.6163087924025542,0.8411995740417146,0.9993363390251226,6419.0,2406251.638669715,2241918.1530860555,49644.05670673254,0.020213994744968145,0.8854987372313705
31,0.18228349368127908,0.6220168251608735,0.8420210656318271,0.9877191098008903,7067.157543821916,2432954.2442198084,2444912.950962469,51771.45908162168,0.02083588455039425,0.8798945290079064,0.0010822809187370217,0.6200845633695174,0.8417993487707678,0.999631299275264,6831.0,2426860.308089374,2374441.4463535137,51083.09401961507,0.0206149644814841,0.8820444001937702
32,0.1617792204241943,0.6248937447438485,0.8425703504442181,0.9843423986693892,7398.485213463813,2463162.7473921925,2567840.447790085,53287.13141197978,0.021175572535671885,0.8780864548113977,0.002334878734546662,0.6239267286539834,0.8422725657676228,0.999262598550528,7302.0,2441112.028169014,2513317.9097411693,52466.910552319154,0.021040594218034114,0.8778246325840333
33,0.17507266301867244,0.6273590025561819,0.8431865951683921,0.9851596969496192,7668.529196687816,2505633.771158189,2678505.424024089,54864.08742875578,0.021427126239585818,0.8773709621682245,0.0025507000814633655,0.6260379392324881,0.8429065512596405,0.99916120560399,7486.0,2488974.7445616103,2618610.753115552,54110.35078534031,0.02127719898553986,0.878462325352218
34,0.17411842761802243,0.6303353718447806,0.843702473253547,0.9870953916836739,8047.065598451446,2531284.095924293,2805991.0992579847,56332.55102699215,0.021770056885956488,0.875009538948132,0.002066933304222897,0.6288977541470632,0.843485610612189,0.9992810329824112,7847.0,2518831.6936066663,2741876.7888061353,55609.36604970135,0.02160036356566284,0.87633576464595
35,0.17065980057457927,0.6330727943618755,0.8440957004465792,0.9863641248914372,8399.17722335735,2564326.4622002365,2926084.732982041,57827.439402086246,0.022053428597372506,0.8731777979386905,0.002377229746374383,0.6318866432429537,0.843935985356321,0.9992441630198201,8237.0,2545392.781137084,2868450.6135978173,57067.45372760121,0.021928054332429878,0.8738636791191835
36,0.17551984002364812,0.6355681250474571,0.8444818654090105,0.9866007096678457,8727.949134315519,2596438.371760404,3047108.823421873,59345.66749112808,0.022345825474729703,0.8717893424604847,0.0020517217066695153,0.6344216205660427,0.844328919568866,0.9993363393591653,8551.0,2580641.7651353143,2986337.970651132,58600.112676056335,0.022203184527033692,0.8726563103237156
37,0.17895888123336384,0.638124884777344,0.8448249688583339,0.9875900672897112,9116.53661684052,2622074.0283901496,3174609.1667921282,60804.08000860307,0.02266375532253402,0.8696192012946956,0.0018963179400517405,0.6369518797470224,0.8447066835400349,0.9993732076471477,8901.0,2610896.6231103903,3109212.0427697073,60104.182582405425,0.022502317243783043,0.8710058209388167
38,0.1812979892795221,0.6399703519243568,0.8451753744310891,0.9832455109544872,9507.057102914292,2650879.615980213,3298939.579202065,62260.55952252931,0.022947794667144965,0.8675323904220847,0.002204614328703433,0.6393038296838416,0.8449911438261071,0.999216511097289,9326.0,2636030.3060246296,3237228.6932379617,61511.849199911514,0.02280272842324371,0.8683434545435602
39,0.18627201119909134,0.6420248976278361,0.8455277660518888,0.9874395133987757,9931.607914829552,2666226.7693300354,3436728.4258522424,63683.00871061404,0.02332788027449601,0.8650901354965516,0.0010663915536107712,0.640845916249409,0.8454140035041217,0.9996313001323472,9676.0,2661592.187080599,3364797.2078755256,63014.45350637859,0.02312778639349251,0.8668840095872206
40,0.16134762281159556,0.6437785789676604,0.8457782447293236,0.9870738810282239,10291.343585331757,2702588.515969459,3553502.6792128184,65170.27304011184,0.023546274058967077,0.863622642253109,0.00364681855092976,0.6430403463793543,0.8456696641057495,0.9988201524064865,10178.0,2675800.6186121968,3503718.646633729,64365.583216576946,0.023489471239122078,0.8634588996109275
41,0.1727473196585674,0.6457374805096003,0.8460377680061838,0.98666523507057,10561.767716958813,2744986.869018174,3664240.3261641036,66746.84890848478,0.023738693641219256,0.8633836465813112,0.002205057102323513,0.6449146462299068,0.8459642762526344,0.9993547740064181,10396.0,2726614.6234790944,3606030.898753779,66004.32622962908,0.023635087163931947,0.8639239352824158
42,0.1797426423711512,0.6477513160676338,0.846331733947852,0.9866867475656299,10927.235509194537,2769878.5808151416,3792484.6143671363,68228.38111624906,0.02404010422581472,0.8619549589357602,0.0009977364698245915,0.6468661154461912,0.8462212024585273,0.9996681697872675,10722.0,2760266.3483518916,3725526.74198068,67513.75812993142,0.023875034489295236,0.8629494595910919
43,0.18172625699457604,0.6493070795146583,0.8465785970353531,0.9866222202015097,11349.719754812346,2794637.453059469,3920861.742122809,69652.89687063124,0.02431768079728276,0.8598868548709842,0.0019169209285176013,0.6485874697826454,0.8465039044317528,0.9994469494623084,11137.0,2782556.2847135165,3856370.621045646,68947.94270334046,0.024179326863318678,0.8609320624951864
44,0.18291790352507117,0.6508639900642564,0.8468128357129477,0.9843208937763411,11752.355414560705,2813701.820733412,4054933.3744488657,71097.26121088289,0.02464548511732482,0.8581503695384805,0.0015159819659761049,0.6502566529000705,0.8467239561742689,0.9995575593500817,11556.0,2803631.867782612,3988430.254479758,70376.72620013273,0.02448717894492868,0.8589545205695889
45,0.17681840149635064,0.6521535017039394,0.8470462184206672,0.9836756675675911,12115.895902785245,2837172.374233789,4184598.820948489,72580.72072265836,0.024943961268237797,0.856951097811867,0.0016588277010431834,0.6516431110612534,0.8469531193093189,0.9994930366738058,11947.0,2823143.022859671,4122058.9892338323,71828.83636899934,0.024811458636214534,0.8573903788481918
46,0.17489290181661576,0.6534806410078464,0.8473131134441071,0.985202715664554,12449.73534788687,2866352.180019357,4308555.015162921,74093.88127755672,0.025198191335637707,0.8561464677204149,0.0019424716911610601,0.6528916484257717,0.8472247416972587,0.9993455565157704,12284.0,2851657.2982080965,4246680.658579751,73338.89167465526,0.02507301406622654,0.8565309762550345
47,0.17676543765124972,0.65497518026748,0.8475231130811037,0.9869878546231946,12799.34648886977,2891348.110226906,4436695.084955372,75591.27013657383,0.025477869479611222,0.8551972840073058,0.0015484759837208972,0.6543049387555234,0.847456680138144,0.9994561647553069,12611.0,2879977.6468549515,4371495.148514122,74860.05309342968,0.025334625361583006,0.8558238969994773
48,0.18342838179733129,0.6565382429535305,0.8476851394656192,0.9878911723410113,13217.813850951716,2913883.6166254436,4567295.578556834,77019.80277449188,0.02575135129222576,0.8535243630896385,0.0015018514680042313,0.6557660524001754,0.8476240812576183,0.9995114729956674,12977.0,2905023.2967332792,4499596.7994248215,76329.75230440233,0.025602249852364135,0.8546891918743916
49,0.18155790825360102,0.6580182723953386,0.8477913155031661,0.9881492664139941,13672.084525217766,2938299.2777718036,4696015.917410474,78412.53210022583,0.025992718954186103,0.8515288543670405,0.001996037445593827,0.6573211262688666,0.8477638205211868,0.9993732087459724,13449.0,2924559.8194085984,4633193.410073004,77707.61898090111,0.025882828739766973,0.8524601748450106
50,0.16264745950416823,0.6592328707778796,0.8479172202807266,0.9857834196370165,14004.827185718894,2986336.6231852886,4801114.571996989,79926.7894397247,0.026066559241590466,0.8509047130946639,0.002453135712677727,0.6588430183755377,0.8478904648671397,0.9993455557246166,13886.0,2959872.304992257,4750986.054715729,79148.48875451663,0.02604394396273236,0.8507409555864022
51,0.1805641385932445,0.660596399637227,0.848100784376419,0.9876115734198488,14327.106893214324,3017539.6379180555,4923047.557264222,81451.50973222927,0.02628323490026241,0.8504160210604,0.0011521101817365245,0.6599249880131556,0.8480333754441598,0.9996313003740886,14112.0,3006820.8096748027,4857211.517365976,80731.52142172406,0.0261472941238023,0.8512052653962976
52,0.1779526655411692,0.6619093290694696,0.8482376037970553,0.9874610170098655,14743.430153779977,3036668.7478223466,5057054.447359931,82882.18647166362,0.026568632382798968,0.8489814635335354,0.0013326758478963063,0.6613901504882361,0.8482152049796928,0.999529907212181,14533.0,3025944.2184942113,4991196.640070791,82184.98989750019,0.026441839537692143,0.8497361105879573
53,0.1878802241760116,0.663116220793861,0.8483747528155449,0.9865792041402284,15191.673513280997,3054652.434777933,5192206.760404345,84280.9431121626,0.026850185594096312,0.8472797073770792,0.0013084638596052242,0.6625741409935454,0.848332701245554,0.9995114724462552,14943.0,3048560.260379028,5121734.590959369,83603.9971241059,0.026691972869569577,0.8483644329370207
54,0.17234179401913052,0.6641974377239862,0.8485189478991428,0.9860200036891187,15604.057748144962,3067784.3978922465,5332210.797290031,85715.55887729864,0.02718109833718577,0.8459928341995889,0.0013239084140119948,0.6636960175077645,0.848432785421599,0.9995575591083403,15428.0,3058233.2701128237,5265209.518029644,84954.0603200354,0.027027940311526208,0.8463050690462751
55,0.18391361762431505,0.6653075896420649,0.8486587957792839,0.9881062521923228,16010.415421013013,3090139.5547908377,5462991.64039144,87156.20120443059,0.027430938683584028,0.8448118421579897,0.001840140067426466,0.6648153102281004,0.8486411252975393,0.999345556274029,15767.0,3080095.0700538307,5396463.4393481305,86482.33906054126,0.02731087892996523,0.8457964621289238
56,0.1767069333544315,0.6664138489646904,0.8487343840707258,0.9874180073135065,16436.53984299387,3117323.8186901817,5588943.376492096,88577.07678244973,0.027629396433804108,0.84348297567185,0.0016778570994648064,0.6659950192114762,0.8487415652422415,0.9994100794997172,16247.0,3100580.5652238037,5529105.473195192,87857.81004350711,0.02755500403777546,0.8439340230708505
57,0.1761171607794794,0.6672931876037951,0.8488566346073141,0.9856973848608005,16785.63781051726,3146755.543069147,5712647.65211313,90074.97881492633,0.027828156151472785,0.8429212625058239,0.0020062989073692697,0.6669689158266005,0.8488145811562516,0.9992902518795546,16616.0,3131362.345033552,5651473.796327705,89321.70710124623,0.027733652006174628,0.8431511222151439
58,0.18573146821645167,0.6682168946226177,0.8490041769990512,0.9864716657529224,17187.58834283256,3167289.659425745,5845249.535756533,91520.02828261103,0.02808388426109903,0.8418930655577476,0.001148371236174218,0.667846843131075,0.848984174949565,0.9996958222592108,16954.0,3159522.216355726,5776431.738662341,90848.89344443625,0.027950216226467085,0.8427295718438488
59,0.1850856510297959,0.6691917692388126,0.8491228391488581,0.9854823114192798,17640.09388106248,3178023.758253576,5987651.436928702,92914.52274438112,0.028406078551745387,0.8404413920882594,0.0008967587746729672,0.6687818637429398,0.8490929363417543,0.9997511277525098,17416.0,3172205.123442224,5916899.607403584,92219.11761669493,0.028249676177595034,0.8411438729363762
60,0.18828229820879572,0.6701140560018258,0.8492318526726024,0.9866867424377973,18119.790837724486,3188344.0144101516,6130467.180772126,94281.8257877191,0.02872146638828377,0.8387957258190644,0.0008151645501973783,0.6696810827354759,0.8491951849430538,0.9996958228086231,17867.0,3184186.215102131,6058060.590148219,93609.0432121525,0.028558470954340158,0.8397215523996515
61,0.18429586904730152,0.6710394135161438,0.8493329045118497,0.9872889571105784,18600.136251209806,3196851.6731906654,6275095.521991612,95648.48037423378,0.029050411663709922,0.8371973083165143,0.0007847273980664162,0.670594906544986,0.8492956545384406,0.9997695627338055,18365.0,3191655.666838729,6203726.161345034,94959.0202787405,0.028892600475801198,0.8379407500712607
62,0.1805649091574643,0.6718911141884661,0.8494240768764183,0.9861705569006164,19032.90396816862,3212043.829121411,6413039.366060867,97062.71265727497,0.029332008447162772,0.8360594215284356,0.0013137809005449425,0.6715711165552215,0.849406464060678,0.9996220826416995,18833.0,3202925.506083622,6345579.085613156,96351.25676572524,0.029203672236179534,0.8364949666832271
63,0.18052155001212966,0.672673683587499,0.8495155441490524,0.98703086688347,19436.063877836328,3233684.607807291,6544534.587374986,98506.55274760727,0.029562099555236688,0.8352085457064539,0.0013189767319698232,0.6722918960752938,0.8494717468730856,0.9996405178647364,19226.0,3222508.923751936,6479157.311333972,97779.61337659464,0.02944903599779459,0.8356813702837537
64,0.18548643221899005,0.6734412292188593,0.8496080908625084,0.9861705614259287,19875.255511345305,3249574.9646198517,6681780.230562426,99914.36111409828,0.029829731227291028,0.8340831535748864,0.0009129023186865641,0.6731236988258137,0.8495814474878494,0.9996681697872675,19642.0,3242661.5487058475,6612130.012388467,99221.28736818819,0.02969015212976122,0.8347496221387433
65,0.17848443364517602,0.6741301768671404,0.8496799683593937,0.9869448397990029,20292.56049037531,3270153.7739541885,6814337.421228089,101344.05613506828,0.030059069747403497,0.8331715478629422,0.0013812393892286984,0.6737805472592251,0.8496403702459946,0.9996681697872675,20099.0,3257926.7856352776,6750012.389646782,100599.67318044392,0.029953421196057577,0.8334762953646494
66,0.18551883453360835,0.6748099323113332,0.8497785410133405,0.9857404022489085,20705.320894719862,3290894.2475535003,6946732.9476287775,102778.29573072374,0.030285274649383638,0.8323243915720618,0.0011493766731710845,0.6745272397634581,0.8497349463129068,0.9995667776978128,20480.0,3282261.9445468625,6878807.61721112,102071.28670452032,0.030159850788267214,0.832884671541101
67,0.17838757948178555,0.6754199519492257,0.8498526103638336,0.9875255430920276,21116.840090332294,3314550.541778686,7076212.653403591,104213.7765351113,0.030482883644949776,0.8315117656703866,0.0018291222002329661,0.6751578653529456,0.8498506379131019,0.9994377317299191,20921.0,3300837.3062458523,7013346.3636899935,103499.17852665733,0.030402063412499652,0.8318505257414238
68,0.18027099051524495,0.6761129128316331,0.84994478232246,0.9860845234063584,21504.63544467147,3343167.4566082372,7200731.73857404,105672.98118077213,0.030640153380789698,0.8309094846049924,0.0012127741155143264,0.6758447782223788,0.8499177065089726,0.9996866053179754,21304.0,3328759.701349458,7138571.7486911,104951.39842194528,0.030564903318783095,0.8312610916952127
69,0.18454896060545375,0.6767920852733025,0.8500241844073869,0.9876115740223692,21939.47972900312,3357978.4126250134,7339056.782557264,107085.13689644048,0.030904235120400816,0.8299600438015835,0.0009157244417314852,0.6764489571725221,0.8500056686096158,0.9996773872779152,21695.0,3352218.034215766,7268253.416267237,106403.39797950003,0.03076461891596797,0.8306365832450177
70,0.18014494128183134,0.6774907073598739,0.8501033893079191,0.987052373616128,22389.300892569092,3370072.2645445745,7480098.930637703,108482.3157328745,0.03118603558116625,0.8289224993209581,0.0010845954871776553,0.6771985332387956,0.8500804861257688,0.9995852127054801,22178.0,3363322.099992626,7410279.561831723,107773.18663815352,0.03104869302602022,0.8293344338869734
71,0.18439858970923864,0.6779962381261282,0.8501803908556786,0.9859769863010107,22805.407570706528,3394486.7584686526,7608820.436713625,109913.20905473708,0.03136434805692556,0.8281680948247908,0.0015751946296186472,0.6777891183477897,0.8501445327032967,0.9994469492469387,22591.0,3384061.5939827445,7542690.898975002,109192.35550475628,0.03125797574406361,0.8285733115645815
72,0.1791617806553392,0.6784835136479005,0.850250175286652,0.9872674541468773,23207.151414130552,3415903.9805355417,7740539.214646736,111358.46521131304,0.03157079779112425,0.8275409955429203,0.0014691873554024029,0.6782297453788184,0.8502215563516932,0.9994746013848393,23015.0,3403701.5664036577,7676179.828994912,110622.45306393334,0.03147750688845469,0.8277789812973754
73,0.18113433854504804,0.679021388282698,0.8503256378628666,0.9870738810282239,23605.859662329283,3435901.7720184964,7873677.423163781,112806.75696311431,0.031788118740062786,0.8269533076418614,0.0010125069462097024,0.6787816792513345,0.8502897843218563,0.9997511277525098,23399.0,3426733.6731804437,7806280.449966816,112088.72531524223,0.03167394060474231,0.8272966976872888
74,0.1757600369655595,0.6794768184509978,0.8504079561462222,0.9865576974075704,23986.626949134316,3462169.229164426,8000545.966017852,114272.98967630928,0.031951596840842714,0.8265108456341397,0.0015237000499847123,0.679307846041628,0.8503788760098532,0.9995299077615935,23811.0,3445994.9152717353,7940153.299830396,113525.63336037165,0.031893431306342424,0.8266217470801991
75,0.17605668313721967,0.6799541719242609,0.8504914960844284,0.9865146877112113,24342.571136681363,3487671.083127218,8128180.1120550595,115764.04548876223,0.03212603252949554,0.8262574616356914,0.0018202471197797663,0.6797230587878698,0.8504714724342606,0.9994008617936998,24156.0,3475632.439053167,8063652.651721849,115026.75768748617,0.03203491604848559,0.8264427075220081
76,0.18451081721106324,0.6805824572225452,0.8505561721621053,0.9879772058352692,24776.124529519304,3505601.298204108,8263385.89697817,117177.49209592429,0.032344644714769,0.8254641504976901,0.001042302868024846,0.680261748263059,0.8505298982379658,0.9996128648433807,24531.0,3499520.0883415677,8192915.243639849,116484.51648108546,0.0322135255843935,0.8260391537141557
77,0.18425333723610146,0.6811868649347455,0.8506181673832331,0.9869448404015232,25245.008065383376,3517232.4903753093,8404890.704806969,118555.60856006022,0.03260795464606,0.8244451687520313,0.0007573474497055883,0.6809527135626703,0.8505997562353945,0.9997603444520039,25018.0,3510573.0142319887,8334983.836885186,117858.99734532852,0.03248201280828994,0.8248971232920654
78,0.17907051285699768,0.6816026618793737,0.8506749960565736,0.987719114928723,25684.332186256586,3538342.7761049573,8536916.41907732,119963.284439187,0.03279203338746243,0.8236550032060522,0.002591987428595987,0.6814055654004157,0.8506537773916657,0.99907824818816,25470.0,3525548.7433817564,8473144.928102648,119253.17697809896,0.03271862292775854,0.824007657199085
79,0.17738825442528441,0.6821063730662607,0.8507254307776936,0.9872889609564529,26087.78621357135,3559410.9762340034,8668984.218948275,121406.83041187224,0.032983663761416405,0.8231278007447637,0.0014682432419495584,0.6819323988036766,0.8507271974885475,0.9995299063287261,25895.0,3547483.4783570534,8604333.73091955,120687.63918590074,0.03290123981483768,0.8233408303301591
80,0.18164420839034942,0.6825975498238844,0.8507993438638966,0.9867297567043373,26499.696956662006,3575217.647919131,8806313.547263147,122841.91966878159,0.03321794206634082,0.8225572379202801,0.0009801059566355286,0.6823979054270184,0.8507710428691861,0.999658952846032,26276.0,3568618.7527468475,8736347.69301674,122140.402698916,0.03309351695626897,0.8229564349785481
81,0.1856326729584822,0.6830994118309903,0.8508494866575037,0.9882352947804194,26982.660716206043,3587222.702763738,8947444.492418539,124205.95590923756,0.03346580706744287,0.8215306725075379,0.0009852609711804411,0.6828513307897015,0.8508448280527584,0.9997050402992709,26718.0,3582716.308679301,8875381.454538751,123550.085244451,0.03333539648636561,0.822196637465094
82,0.182656842035425,0.6835945716454452,0.8509008352609588,0.986428650371079,27446.418862243252,3596862.6240455965,9090940.571136681,125589.19776320034,0.03373830567903962,0.8206540210963141,0.0009148165613400359,0.6834743888660673,0.8509076967693678,0.9996773867285029,27238.0,3590226.867930094,9020986.081926111,124897.89860629747,0.033618720886346626,0.8209616178107573
83,0.18328666594630608,0.6840471954599018,0.8509546222001176,0.9875685585956572,27886.34111194752,3612990.6500699,9227948.545112377,126996.27551349608,0.03395634368486668,0.8199524710429382,0.0008735960169837738,0.6838405639115587,0.8509479850831703,0.9997511277525098,27651.0,3605195.411695303,9159174.581962982,126310.85480421798,0.033849765823729734,0.8204024726201208
84,0.18791386186643907,0.684547281198597,0.8510058408899325,0.9868157889166369,28363.242714270353,3621779.8652543286,9372295.32992795,128366.37391117324,0.03422969854516436,0.8190314886531261,0.00019131700128886608,0.6843352599065218,0.8509871188135557,0.9999539125467611,28114.0,3618458.206990635,9299056.128604086,127686.51286778261,0.03408473682975173,0.819550236693245
85,0.19040182686990428,0.6849388538451461,0.8510563538810081,0.9865361861496,28860.521884073558,3626783.698677277,9520427.496505,129716.09474137003,0.0345311070595977,0.8180034035302604,4.1731002476153916e-05,0.6848018707431582,0.8510399849996235,0.9999815650187044,28606.0,3624458.5669935844,9446184.975223066,129048.30624585207,0.03438070190751916,0.8185513122983145
86,0.19012070374936105,0.6853523209333702,0.8511086222061176,0.9871168952498952,29369.682438971933,3630382.3754167114,9669964.819765566,131053.93418647167,0.034841460639420396,0.8169249474893322,8.090441942081207e-05,0.685167353564277,0.8510940954771535,0.9999539125467611,29107.0,3628795.1631148146,9594988.315021016,130390.37032667207,0.03468578168500815,0.8175069323358577
87,0.1817766420414197,0.6856447631331564,0.8511781369771916,0.9844284326315619,29808.56221099043,3639857.8918163246,9813625.303365953,132462.05441445316,0.035114228545558596,0.8163038394261155,0.0006536820850373345,0.6856109647305698,0.8511497020659902,0.999797214414595,29623.0,3632212.02949635,9744689.00420323,131739.81476292308,0.03500036996449397,0.8164189429543696
88,0.18463322513205271,0.6858471823464236,0.8512563890751388,0.9863856348225809,30204.90117216905,3660045.6664157435,9946573.528766533,133912.71545327455,0.03529630797265268,0.815956361108678,0.0014897171414196423,0.6857258659286068,0.851232709210229,0.9994285139316005,29980.0,3651697.727085023,9878363.733279256,133205.38809822284,0.035193801619017445,0.8162815506791797
89,0.18219136829459034,0.6861106315752885,0.8512875061097203,0.9875040369170214,30653.105602752985,3685653.5558662224,10074101.639316056,135311.51102269063,0.03541291696510721,0.8153039476848158,0.002338379775399672,0.6859740115892798,0.8512807480398071,0.9992718160411758,30424.0,3671386.398569427,10011805.337659465,134614.1122336111,0.03536885949485589,0.8156537412454329
90,0.18160777997875716,0.6864984172469173,0.8513285060866774,0.9875900647257948,31090.869233250887,3704296.5537154535,10208594.641466824,136720.74739219272,0.03559493454573218,0.8147280990135184,0.001278550789177906,0.6863395700666741,0.8513208451493284,0.9995944304114975,30871.0,3695236.937762702,10141088.733721701,136016.17697809896,0.03550168325626369,0.8150178171322326
91,0.1812982381588798,0.6868866811081701,0.8513887213986334,0.9869018204494989,31518.48274007958,3721559.922249704,10344467.272932574,138140.13388536402,0.03579038591417065,0.8142246105732719,0.001199003265992179,0.6867407328364649,0.8513675591875499,0.9995944301697561,31307.0,3712467.180370179,10276991.541479241,137430.12661308164,0.03569703284110145,0.8144619682793174
92,0.18625610919072558,0.6872534530369719,0.8514385002571379,0.9873319751012067,31972.24314442413,3735531.4083234756,10483631.786858803,139533.37348101946,0.03600801141710868,0.8135796349424741,0.0010685314547821878,0.6871208345175369,0.8514404112184552,0.9996866053179754,31729.0,3729910.7997935256,10412675.082368556,138863.96630042032,0.03589347221084194,0.8140066594520542
93,0.1876607170004603,0.6875253672471084,0.8514912762440896,0.9852027131006377,32427.07473921927,3751416.754167115,10620882.441015163,140925.54188622432,0.03620584913344072,0.8129420191616842,0.0008402368366753979,0.6874592365544152,0.8514598537164754,0.9997787802244532,32211.0,3741816.3530713073,10553925.1349458,140209.36044539488,0.036117519658910746,0.8131824442967756
94,0.18801252436722488,0.6878497361021537,0.8515444598745077,0.9870738804257035,32888.1343155178,3759535.4426282397,10765899.752554039,142311.4823099258,0.03647285129132611,0.8122825393985453,0.0002907880183083567,0.6876673263686305,0.8515291333189757,0.9999170425841699,32632.0,3757196.770223435,10691676.238035543,141639.8402035248,0.03632871213421059,0.8127514050075609
95,0.18447720318478222,0.6882379315837581,0.8515762260734734,0.9873534831927404,33377.84600494677,3766993.683191741,10911577.511990536,143668.77062049683,0.03673770819718651,0.8114747952512419,0.000697925027924492,0.6880684281976057,0.851572695255596,0.999787997715101,33139.0,3761905.767200059,10840100.936656589,142982.14460585502,0.03661616109286857,0.811838850085604
96,0.17575440219056543,0.6886076377801887,0.8515981617108739,0.9882783134504857,33787.357350252714,3788223.2413162705,11043483.953866007,145106.25927519088,0.03689147590195149,0.8111319340279133,0.0012122468355137712,0.6884799781964509,0.8516163154343185,0.9996313001323472,33610.0,3773414.6270923973,10981710.351301527,144375.870068579,0.036851291616365064,0.8111638905033145
97,0.17826959661436742,0.6889573330135162,0.8516208476527479,0.9876976094780231,34168.46252285192,3824275.807183568,11160567.38799871,146572.15410259168,0.03691205989634725,0.8109534642993539,0.0015838509623806302,0.6888193655801675,0.8516211097117907,0.9995206899369029,33964.0,3809837.841825824,11098433.073150948,145858.93348573113,0.036873081860403584,0.8111244897893041
98,0.18709005512227447,0.689333927574972,0.8516578039106136,0.9872674496984826,34616.60834498333,3839657.8969781697,11298321.298204107,147971.00828046026,0.03710751776311177,0.810411511140301,0.00046864263956304436,0.689190268846188,0.8516484538447443,0.999870955130931,34367.0,3834575.855541627,11226838.009512573,147295.98340830323,0.03699159347651042,0.8108192251263251
99,0.18417049563659213,0.6896317107714124,0.8516881600453374,0.9866867405981874,35072.18184751049,3853308.623722981,11437806.571459297,149362.43477793311,0.037315695898204555,0.8098399189931499,0.0008222111635918571,0.6895241875026475,0.8516847899763398,0.9997419102618621,34859.0,3844625.727306246,11369924.100877516,148651.0202787405,0.03722527738800399,0.8100422966111929
100,0.18375865446391804,0.689895254172924,0.8517132991872202,0.9869448321072539,35486.62286267341,3870851.194537047,11573400.000645231,150794.9937627702,0.03749584499035475,0.8095005430871665,0.0005819645316903142,0.6898462474148372,0.8517375825367602,0.9998433024172463,35281.0,3861725.3232062533,11505929.367893223,150107.15736302632,0.03741605703635656,0.809690385843728
101,0.16489612845621232,0.6901822781765354,0.8517471236020651,0.9880632354836526,35814.588665447896,3903607.857941714,11693779.337240564,152314.0279599957,0.03755353326151186,0.8096272809003704,0.001271142489920386,0.6900252812635352,0.8517317950272839,0.9995575588006694,35694.0,3883628.3640586976,11637201.769191062,151501.71521274242,0.03754562617802012,0.809321787674495
102,0.1740947864250235,0.6905117513082504,0.8517972639727713,0.986923326534768,36113.089041832456,3933964.788686956,11816558.406495322,153862.52758361114,0.037639208012998124,0.8099070077096792,0.0012506355374410872,0.6904081298436275,0.8517894769706484,0.999548341859434,35940.0,3922350.2869994836,11751596.323353736,153122.23810928396,0.03757160208802309,0.8099031220292212
103,0.18592456937099044,0.6908039231366503,0.8518397394963934,0.9866867373548331,36528.38326701796,3952169.5571566834,11951489.638025595,155294.23335842564,0.0378078162908099,0.8095725426969765,0.000840545178181168,0.6906926996077982,0.8518298443470826,0.9997234750388251,36285.0,3947274.66779736,11879818.542806577,154613.637858565,0.037693237982117295,0.8099245632936906
104,0.17968216395811415,0.691072714201852,0.8518621388308809,0.9877406184949443,36977.612001290465,3969915.7350252713,12086879.460157007,156692.00462415314,0.03797114392375354,0.8090689788006726,0.001333762967562577,0.6909278674899596,0.8518521211929847,0.9995667768407295,36764.0,3959740.215175872,12020499.964383157,155970.66890347318,0.037896355393889136,0.8092499725428859
105,0.18455039136370532,0.6913569973340431,0.8518940644028854,0.9866007102254976,37411.0193569201,3984092.308850414,12225838.886331864,158105.5972685235,0.03816949593245579,0.8086559567826834,0.0005392139990532063,0.6912577811151416,0.8518824241091197,0.9998340851683399,37186.0,3977866.0561905466,12155504.288621783,157401.50365017328,0.03806315171148088,0.8088975891401683
106,0.18159284731023656,0.6916289530603946,0.8519290329782101,0.9870738758555226,37846.84815571567,3998185.7337348103,12364881.461447468,159516.76846972792,0.03836657035287022,0.8082383486298749,0.0006801679227699911,0.6915251555172763,0.8519394451446145,0.9997972149640073,37631.0,3989839.026472974,12296643.804217977,158827.01777155077,0.03828383457053245,0.8084520054297781
107,0.1911020530162415,0.6916703303560978,0.8519912562532853,0.9796107095061406,38215.76750188192,4018421.7726637274,12497781.42251855,160994.84912356167,0.03852091261966598,0.808164243205079,0.0012530439766119598,0.6918024894815131,0.8519697338067961,0.9996220823340286,38059.0,4006671.399896763,12432955.081409926,160238.36715581446,0.03845491826349669,0.8080704084856919
108,0.18562651858020565,0.6917302513368695,0.8520473549540087,0.9868372943224683,38620.01785138187,4034635.2014195076,12634703.99376277,162437.5987740617,0.038702593613762486,0.8079160949096511,0.0008915106851634275,0.6915810675529962,0.8520291221633209,0.9996681703366798,38378.0,4029473.598997124,12563319.595383821,161735.6540815574,0.038589218452140986,0.8082182822910683
109,0.18054338756530872,0.6919956373032581,0.8520701284664448,0.9878266532262918,39067.590063447686,4047662.0723733734,12774813.122808903,163837.0265619959,0.03890230945609041,0.8074586989226066,0.0008069716632514882,0.6918605795459369,0.8520684154210704,0.9997787802244532,38854.0,4039179.7044465747,12706731.16532704,163124.97868888726,0.03881794271909481,0.8076327827315918
110,0.1847196084855128,0.6922783623883667,0.8520987168449601,0.9869233303806425,39503.58898806323,4063273.194537047,12912338.000645231,165248.02763738035,0.03907939121135141,0.8070661708646878,0.0008550481904362606,0.6921735753590058,0.852094361343599,0.9996773872779152,39280.0,4056129.0842858194,12842912.97389573,164550.79028095273,0.03898675174255057,0.8072904616222912
111,0.18446313909900253,0.6925143509580828,0.8521179250650911,0.9880847441777066,39976.38283686418,4078792.5627486827,13049954.632433595,166622.2337885794,0.039247575056451614,0.8065025939494259,0.0010519787171979996,0.6924303244563403,0.8521382056913425,0.9997050402992709,39726.0,4070411.7887323946,12981745.640439495,165972.4192906128,0.03917780243303693,0.8068719607795132
112,0.19034468661983728,0.6926692302655963,0.8521623026108098,0.9847510490305694,40428.67630928057,4091807.5222066888,13190075.672975589,168016.94031616303,0.039442226480993485,0.8060472195847648,0.0006514058797828178,0.692682343526678,0.8521351303228647,0.9997419097124497,40216.0,4084769.766683873,13120550.706953764,167302.37482486543,0.03934604090524937,0.806204479718734
113,0.17786063597123844,0.6927291624186334,0.8521995007677711,0.9862350791369039,40823.23916550167,4115997.58092268,13319021.614259597,169469.37745994193,0.03954514976122556,0.8058743759090765,0.0012827697645574037,0.6926468512177002,0.8521844393146327,0.9996497348059719,40639.0,4101881.6005456825,13256577.555416267,168723.69250055306,0.03950810123417117,0.8058912685096602
114,0.17616480561511108,0.6929790469212793,0.852235951068799,0.9875040389232859,41196.58199806431,4133459.527476073,13454695.667706205,170943.0346273793,0.039713541751062245,0.8058046720235345,0.0005855389908917088,0.692833922630337,0.852219688370203,0.9998248676776921,40999.0,4126138.352628862,13385462.297028244,170205.19880539784,0.03961626010041841,0.8058791795000901
115,0.18821495200776453,0.6932430431809217,0.8522649046066871,0.9874395133987757,41642.57490052694,4148425.8492311,13592865.345951177,172344.04172491666,0.03988734575963774,0.8053967709669004,0.0005997014450482579,0.6931690309359062,0.8522737906329199,0.9998248676776921,41384.0,4145371.77317307,13519344.72679006,171687.3484993732,0.03976947779283527,0.8057733865739252
116,0.1813976851147033,0.6934605297804879,0.8522866758521827,0.9875900698536275,42122.621142058284,4164256.415851167,13730170.77933111,173710.9954833853,0.040044331595226315,0.8048378724361673,0.0014139424395640421,0.6933549334760103,0.852279548293923,0.9995206899369029,41896.0,4153125.030971167,13664736.870953469,173012.94653786594,0.0399924278252135,0.8050517209220904
117,0.18438739462018794,0.6937257677448067,0.8523177518897421,0.9873104676891109,42582.404774706956,4183002.162598129,13864561.03258415,175098.21185073664,0.04017764623358514,0.8043816323267002,0.0007983714488443143,0.6936299649147094,0.8523146807114536,0.9998156501870443,42346.0,4175026.854288032,13795958.22594204,174422.76823243123,0.04010221695360001,0.8046483832047001
118,0.18670620715820682,0.6939843343796173,0.8523563230303055,0.9869233252528099,43070.70437681471,4188738.9505323153,14011960.244649962,176456.91224862888,0.04042359585258343,0.8038031815303143,0.000282521265243222,0.6938686393617256,0.8523377328001286,0.9998709548891896,42818.0,4186370.476734754,13937769.822210751,175778.54951699727,0.040296295279620906,0.8041225684470602
119,0.18779971307869278,0.6942284508589353,0.8523930869367587,0.987310465080326,43580.16603935907,4191803.402086246,14162031.793096032,177794.45058608454,0.04068897353632051,0.8031387657090558,0.00015464868975890176,0.6941082313668894,0.8523768775451325,0.9999354775654655,43320.0,4190678.3482781504,14086601.729887176,177119.77029717574,0.040551256521658315,0.8034831792254618
120,0.1883312070776101,0.694461164288347,0.8524233247403342,0.9868372981683428,44093.77933111087,4193701.4478976233,14313269.747284655,179127.8372943327,0.040963830434147266,0.8024667296720867,0.00020907489800314224,0.6943570131723196,0.8524151488695777,0.9999262600748178,43836.0,4192616.41398127,14237791.552687855,178458.88179337807,0.040827214259105696,0.8028018918196349
121,0.18015270654469848,0.6946024095990322,0.8524495554439534,0.985847940591346,44539.82879879557,4211116.206688891,14448990.988493387,180528.78782664804,0.041107338666595404,0.8021058075042652,0.0014710982119086624,0.6945468572580079,0.8524338680113253,0.9994838183260748,44346.0,4198424.281837623,14385127.114224615,179788.45240026547,0.04106430603490274,0.8021449910997509
122,0.18020369187646404,0.6947762083015028,0.8524744475717275,0.9878696693773102,44946.64415528552,4234920.922249705,14578322.272932574,181968.97247015807,0.041198442901096775,0.8019238100511846,0.0011650361116098031,0.6946742179629181,0.8524715633055127,0.9996681697872675,44732.0,4223663.734532852,14513017.329031782,181255.7848978689,0.04114844458669822,0.8020595326007673
123,0.18587287590156026,0.6950084713405532,0.8525094855138083,0.9866007089884079,45390.437358855794,4248299.675771588,14718079.519410688,183372.1792665878,0.041377653875492866,0.8015831252851464,0.0004338644466411874,0.694884228399568,0.8524794691335609,0.9998340843771861,45156.0,4242861.777671264,14646976.163778482,182657.90701275718,0.04127373860653246,0.8017850332305492
124,0.1935182925991146,0.6951242099078525,0.852545071486594,0.9852887381788402,45863.44757500807,4254750.380578557,14864764.814603722,184746.16905043554,0.04161421670638011,0.8011211607581583,0.0002528932179637094,0.6950869801939171,0.852521712449824,0.9998893901122266,45623.0,4252134.225425853,14790832.258977951,184045.36405869774,0.04148733681612429,0.8013521546275292
125,0.17744355090062636,0.6952061937539625,0.8525634716820852,0.9876760975406149,46299.935046779225,4266721.737606194,15005929.457576083,186156.68157866437,0.041805926361434216,0.8008235795855048,0.001374966878734678,0.6951217958642515,0.852561761839588,0.9995667760495758,46101.0,4257722.470098075,14938371.156183172,185423.22218125506,0.04173239451551427,0.8008799296539711
126,0.17815813670422212,0.6954047204358743,0.85258622715737,0.9870953904017157,46706.62307775029,4289281.153027208,15136506.04215507,187596.9935476933,0.04190353507939007,0.8006579459950621,0.0014128736593995816,0.6953437786812223,0.8525920290263403,0.9995114724462552,46504.0,4278120.573187818,15071080.506157363,186895.76911732173,0.041857758606023455,0.8007533457126074
127,0.1848444852560153,0.6956105527986518,0.8526074399113822,0.9867082472859768,47140.29831164642,4306998.812452952,15271924.382729325,189010.31831379718,0.04203957752241013,0.8003806642453277,0.0007238151482448442,0.6955501615987943,0.85261341333653,0.9997603452431576,46912.0,4300033.774721628,15202310.079566404,188327.99417447092,0.0419591421098117,0.8005776114981045
128,0.19072135358148268,0.6957864118835108,0.8526264255515272,0.9867297547429412,47620.53231530272,4313624.102699215,15418435.092483062,190377.08431014087,0.04226843603031458,0.7999120472079773,0.00017387150153711019,0.6957088494782567,0.8526227262447158,0.9999539125467611,47366.0,4311254.30602463,15344244.60106187,189701.94137600472,0.042147008943488294,0.8002002077480305
129,0.17319821561295598,0.6958853106291554,0.8526560565402065,0.986772772810487,48038.691257124425,4334726.976449081,15550468.218733197,191805.92536831918,0.04237371235476962,0.7997092980122692,0.0017545546464370406,0.6958190077798625,0.8526384198782534,0.9994653844436039,47870.0,4319025.021679817,15489604.05987759,191050.7669050955,0.042360838363369464,0.7996401784518644
130,0.18696016489863332,0.696042710753561,0.8526877504559611,0.9869233265796366,48450.522529304224,4352369.351973331,15685961.843208946,193241.09409613936,0.042511583205041274,0.79953606981323,0.0010022994734077883,0.6959599423317087,0.852675454778821,0.9996405173153241,48210.0,4346928.235675835,15614853.529754443,192541.08303222476,0.042414849621977446,0.7997511612587503
131,0.1902384283863379,0.6961249811173204,0.8527199101135261,0.9860845272073644,48912.84729540811,4364016.655554361,15827450.539627917,194625.7693300355,0.0426938029636887,0.799157993038927,0.0006926710295357269,0.6961511601943567,0.8527191665204047,0.9997695621843931,48691.0,4357675.871174692,15757204.406238478,193944.57104933265,0.04260997058480734,0.7993240634052374
132,0.18972944909814277,0.696204300541585,0.8527432307785257,0.9873104664071527,49379.73696096354,4371989.001398,15972614.193784278,196005.87966448005,0.04290851556523434,0.7987670762357642,0.0001487395244045973,0.696162591530997,0.8527510118918753,0.9999446950561133,49133.0,4369050.200427697,15898973.414202493,195342.23383231324,0.0427969602108261,0.7990261999988141
133,0.18181442029887163,0.6963216315573141,0.8527683310514369,0.9865146805771141,49828.784492956234,4383936.661253898,16113802.53392838,197403.83213248735,0.04308866710712646,0.7984540649723886,0.0010726415797430123,0.6962753742214642,0.8527590934044051,0.9996497348059719,49626.0,4375597.187006858,16045574.004940638,196684.65651500627,0.04301670937082003,0.7985222521331773
134,0.18605008930471048,0.6964530804706192,0.8527830065046668,0.9875470537474776,50278.23185288741,4397801.756102807,16253073.439079471,198801.3847725562,0.04324963035532474,0.7981442187547504,0.001140426028075917,0.696421650850037,0.8528018973234278,0.9996313003740886,50033.0,4392429.078312809,16181856.885480423,198145.88466927217,0.043163596547304395,0.7983989923034267
135,0.19647629452477297,0.6964875393137392,0.8528091775715921,0.982234648952357,50724.78470803312,4407230.803419722,16396780.391762555,200201.83191741048,0.04345193536254472,0.7978503359672985,0.0005671222044826526,0.6965730799685255,0.8527960267691791,0.9997879971656887,50522.0,4401056.0326672075,16326388.790797139,199481.02499815647,0.04336035511956464,0.7979139650292597
136,0.18565090053029465,0.6964502972689403,0.8528319718773897,0.9873319725372904,51174.07065275836,4418329.261963652,16538817.933218626,201599.54597268524,0.04363693882123233,0.7975500658553497,0.0012530993731830616,0.6963762223267834,0.8528335772866249,0.9996220828834409,50927.0,4414535.791018361,16466046.912838286,200921.14460585502,0.04353220661433606,0.7977864231193728
137,0.18683720551609853,0.696653337872968,0.8528395735111168,0.9877191156081607,51671.10194644585,4425846.168620282,16684437.026561996,202949.51467899774,0.04384499309953662,0.7970665888140722,0.00039012184352697884,0.6965544692895623,0.8528399783314422,0.9998617373985418,51417.0,4422647.535874936,16611077.140992552,202272.17159501513,0.043735254573796525,0.7973223897342037
138,0.18845475700058237,0.696847570289885,0.8528495542412612,0.9873319796265191,52180.026992149695,4429517.1823852025,16833899.894612323,204287.58963329392,0.044086360998859535,0.7965436869186027,4.6427364377391833e-05,0.6967757371101185,0.8528536456180317,0.9999907825093522,51923.0,4427667.692058108,16759184.34813067,203621.37526731068,0.04396644089584962,0.7968137024400263
139,0.18920420386167172,0.6970107074206408,0.8528584369678294,0.9873534870386149,52687.198838584794,4432387.300462415,16984162.29228949,205627.4177868588,0.044335223393057455,0.7960350491985453,7.752695166104017e-06,0.6969096384237635,0.8528463223648409,1.0,52429.0,4431068.417225868,16908941.529385738,204934.24312366344,0.04420493160290059,0.796283592741606
140,0.18960550047816968,0.6971608026525848,0.8528671960046643,0.9873319783445609,53195.53210022583,4434870.807506183,17134813.043122917,206966.08452521777,0.04458710861816267,0.7955291701178484,2.729672615251456e-06,0.6970833253037674,0.8528646657525082,1.0,52938.0,4433646.632917927,17059481.067325417,206288.89934370623,0.04445942003140099,0.7957846489322545
141,0.1898627956925137,0.6973044929074682,0.8528758057126026,0.987310470932465,53705.67200774277,4437193.745994193,17285641.62103452,208302.94461770082,0.04483975739477591,0.7950235332054584,1.747892130482501e-06,0.6972470617770762,0.8528816098001588,1.0,53447.0,4436076.47135167,17210182.09763292,207641.55534252635,0.04471449442683055,0.7952912712323965
142,0.18999755159637366,0.6974432642696519,0.852884321837595,0.9873319783445609,54214.048284761804,4439363.866114636,17436608.866759866,209641.56834068178,0.04509385335673272,0.7945316483967021,8.477909065884368e-07,0.697407309477699,0.8528980231286853,1.0,53956.0,4438300.816606445,17361089.226310745,208993.75046088046,0.04497104606180273,0.7948044648248531
143,0.19014445310677877,0.6975781471001895,0.8528926636419164,0.9873319783445609,54723.76868480482,4441471.40595763,17587652.219808582,210978.84794063878,0.04534789995689048,0.7940415515990934,8.770658821729823e-07,0.6975027332526728,0.8528883124503684,1.0,54465.0,4440444.164147187,17512118.894919254,210299.34134650836,0.045218423553111675,0.7942883291916811
144,0.1902713578966359,0.6977109597990468,0.8529008817821436,0.9873534857566567,55235.144961823855,4443467.203462738,17738797.93784278,212314.47166361974,0.04560232570699138,0.7935520291956589,7.476586016723727e-07,0.6976605323412172,0.8529072368877246,1.0,54975.0,4442495.112602316,17663193.792935625,211655.56006194232,0.04547672119574265,0.7938154319659877
145,0.19035954108410258,0.697839692678871,0.8529090332477269,0.9873749944507108,55747.058931067855,4445399.226691042,17889980.624368213,213649.55769437575,0.045856905023661826,0.7930672211164504,5.551034513857455e-07,0.6977829005890351,0.8529112288473841,1.0,55487.0,4444453.090332571,17814374.9188113,212983.05692795516,0.045729668040275485,0.7933210544455729
146,0.19059509573822214,0.6979640233592329,0.8529170187189574,0.9873319783445609,56259.144961823855,4447290.4967200775,18041226.77384665,214984.47166361974,0.04611149555746619,0.7925883856226339,9.399433368086422e-07,0.6979258999159251,0.852926925781791,1.0,55999.0,4446379.669862105,17965561.742201902,214332.15065260674,0.04598698871735318,0.792849957802313
147,0.19085076484632488,0.6980821419908277,0.8529248856411068,0.987310470932465,56771.144961823855,4449115.120658135,18192527.50467792,216319.47166361974,0.04636641400815633,0.7921163406163367,1.1901179433234893e-06,0.6980463987597233,0.8529353119676316,1.0,56511.0,4448222.845881572,18116848.22151759,215668.17380724134,0.04624210249850439,0.7923753428279839
148,0.19087896885051692,0.698198220533432,0.852932601939582,0.9873319783445609,57283.67157758899,4450880.552747607,18343920.104742445,217653.94504785462,0.04662147077251755,0.7916487207821921,3.891797936625424e-07,0.69813618984522,0.8529309960217192,1.0,57023.0,4450017.989971241,18268209.888356317,216980.8303222476,0.04649257255984165,0.791889352658164
149,0.19095461619375906,0.6983124910983902,0.8529402131559465,0.9873319783445609,57798.38133132595,4452560.8229917195,18495367.996128615,218986.23529411765,0.04687659841274008,0.7911794557790882,4.6829120295832994e-07,0.6982495747970872,0.8529378100839585,1.0,57538.0,4451745.514637563,18419632.034068283,218311.24489344444,0.046747011956862844,0.791414658357485
150,0.19103535940883262,0.6984250132775278,0.8529477435833075,0.9873319783445609,58312.67157758899,4454219.887729864,18646839.60856006,220318.94504785462,0.04713169657473526,0.790717916221231,4.469141667255876e-07,0.6983869884685907,0.8529560329745137,1.0,58052.0,4453417.819703561,18571063.606518693,219664.36693459185,0.04700630422700525,0.7909662122352312
151,0.19124661617726968,0.6985353403661133,0.8529551676465998,0.987310470932465,58828.58554683299,4455818.770835574,18798367.90794709,221650.0310786106,0.047386747443691375,0.7902566706099706,6.912986575446313e-07,0.6984927897414278,0.8529609537750524,1.0,58567.0,4455038.165916968,18722582.381240323,220991.6659538382,0.04726052406869555,0.7905015447051659
152,0.19132694127047134,0.6986438895325621,0.852962510946528,0.987310470932465,59343.67157758899,4457386.224217658,18949933.884933863,222981.94504785462,0.04764196698428969,0.7898043861426594,3.653833082398459e-07,0.6985938379646939,0.8529646043606577,1.0,59083.0,4456630.891600914,18874128.18567952,222315.64213553572,0.04751402834587881,0.7900377026649275
153,0.1914027782762188,0.6987498234466707,0.8529697203010573,0.987310470932465,59858.67157758899,4458879.805140338,19101577.304441337,224313.94504785462,0.04789764347126348,0.7893582890592399,3.6472948613229643e-07,0.6987022507086096,0.8529721502533054,1.0,59598.0,4458136.717130005,19025755.124990784,223648.28736818818,0.047769866078865665,0.7895890815878115
154,0.19172402315626144,0.6988507138232876,0.8529768457065565,0.987310470932465,60375.413485321005,4460367.46058716,19253214.745241422,225644.20314012258,0.04815271907760541,0.7889118645829352,8.437524301404111e-07,0.6988214083402156,0.8529868470550893,1.0,60113.0,4459631.990487427,19177377.131774943,224994.8788437431,0.04802833676385445,0.7891566450023939
155,0.1918625808464659,0.698949691659341,0.8529838384486153,0.987310470932465,60890.67157758899,4461847.225077965,19404865.282288417,226975.94504785462,0.04840787064517643,0.7884763123168909,4.778003543908635e-07,0.6989182845504136,0.8529925947607412,1.0,60630.0,4461127.129415235,19329011.93260084,226322.5467885849,0.048282652553540396,0.7887103471570676
156,0.19194916920426558,0.6990470537858338,0.8529907299287987,0.987310470932465,61405.67157758899,4463288.548983762,19556559.21582966,228307.94504785462,0.04866316722144503,0.7880472166844114,2.7368782043514713e-07,0.6989989329400592,0.8529916731369425,1.0,61145.0,4462600.64759236,19480685.60032446,227639.236339503,0.04853465892448686,0.7882671570384074
157,0.19196555513741573,0.6991429052848767,0.8529975316719107,0.987310470932465,61922.413485321005,4464695.172706743,19708296.635337133,229638.20314012258,0.048918170800166354,0.7876175802194222,1.7838345301781148e-07,0.6991173686878175,0.8530082747512718,1.0,61660.0,4463993.148514122,19632414.10618686,228990.57488385812,0.048794231382830115,0.7878548768002519
158,0.19199490459846777,0.6992372923197829,0.8530042398705355,0.987310470932465,62439.370469943,4466056.658027745,19860068.461555004,230968.2461555006,0.04917330678753897,0.7871926216902765,2.2765465452182552e-07,0.6991970336645562,0.8530080844480268,1.0,62177.0,4465390.316864538,19784173.350342896,230306.92360445394,0.04904636520205342,0.7874170292681733
159,0.19207455363180295,0.6993302629191154,0.853010854473395,0.987310470932465,62956.55317776105,4467415.20679643,20011837.622970212,232298.06344768254,0.04942813520630735,0.7867722042992187,2.2016807999543652e-07,0.6992898240051442,0.85301432691926,1.0,62694.0,4466751.464125064,19935944.15249613,231636.13089005236,0.04930118800069974,0.7869939422037792
160,0.19212093711354447,0.6994217863799757,0.8530173915498346,0.987310470932465,63473.58554683299,4468721.550919454,20163666.31121626,233628.0310786106,0.049683254361569285,0.7863575319972573,2.0654319530464828e-07,0.6993841794852037,0.853021827276614,1.0,63212.0,4468081.650689477,20087735.08015633,232967.0942408377,0.04955640037718991,0.7865747334981561
161,0.19216699674060517,0.6995119132820233,0.8530238324665923,0.9873319783445609,63990.76825465104,4470004.22959458,20315519.64297236,234957.84837079255,0.04993830873147302,0.7859474742895866,2.1605292782187094e-07,0.6994654898639626,0.8530240274664136,1.0,63728.0,4469383.541405501,20239582.103089742,234289.49421134134,0.04980989396638043,0.7861598663102929
162,0.19209063352468334,0.6996002866704177,0.8530290960906616,0.9873749944507108,64509.44563931606,4471228.307344876,20467425.51177546,236286.17098612754,0.05019340317498831,0.7855374875447099,6.156484365557944e-07,0.6995628624440259,0.8530339628323966,1.0,64246.0,4470641.6895509185,20391449.880982228,235625.73925226752,0.05006636414795303,0.7857547178485385
163,0.1925615615864725,0.6996842498022429,0.8530337540343674,0.987310470932465,65026.875793096035,4472385.683406818,20619405.3401441,237615.74083234757,0.05044918644907705,0.7851366219706196,7.410671322842865e-07,0.6996580875822686,0.8530420004314979,1.0,64765.0,4471809.0917336475,20543408.14585945,236960.60637121156,0.05032324419963915,0.7853509962941138
164,0.19258166301095342,0.6997624327257277,0.8530383587575803,0.987310470932465,65544.74674696205,4473553.446822239,20771368.501129154,238944.86987848155,0.05070449998605275,0.7847391745777256,1.2956606269044114e-07,0.6997450422804647,0.8530502921667662,1.0,65282.0,4472994.761890716,20695349.35093282,238298.28463977584,0.05058022178877078,0.7849593619120243
165,0.19267570715730506,0.6998393280696633,0.8530429090168005,0.987310470932465,66063.327454565,4474677.963221852,20923389.361436713,240273.2891708786,0.05095986693982143,0.7843442059791348,1.8554685381815543e-07,0.6998132280733423,0.8530506025759417,1.0,65800.0,4474126.200058993,20847363.608140994,239618.62008701422,0.05083401639603178,0.784557667886883
166,0.19265626342062772,0.6999150306604949,0.8530473676352415,0.9873319783445609,66582.31659318207,4475796.909990322,21075407.490052693,241601.30003226153,0.05121494699816368,0.7839526405371906,1.420160745466946e-07,0.6998767797446394,0.8530493721516468,1.0,66318.0,4475247.591696777,20999395.988053977,240935.76624142763,0.05108701460127739,0.7841585456828313
167,0.19277269952059278,0.6999894482741523,0.8530517909934231,0.987310470932465,67103.54231637811,4476925.404452092,21227410.371652868,242927.0743090655,0.051469209457641774,0.7835585306005871,2.213383316205594e-07,0.6999578682003749,0.8530564730422844,1.0,66838.0,4476390.653049185,21151377.690878253,242268.379765504,0.0513426250363401,0.7837699136061704
168,0.1928617704352431,0.7000625936789389,0.8530561425619477,0.9872674548263152,67623.44563931605,4478055.1252822885,21379410.134423055,244254.17098612754,0.05172345925658118,0.7831733293822535,1.4007988537134795e-07,0.7000347518541145,0.8530622295077664,1.0,67360.0,4477509.315610943,21303389.913428213,243596.40314136125,0.051597311980151536,0.7833776698906455
169,0.1928511789722178,0.7001346059224467,0.8530603909648892,0.9872674548263152,68143.25207011506,4479172.254543499,21531429.295408107,245581.36455532853,0.051977602169454476,0.782792970626274,1.3931016333878986e-07,0.7000959851064739,0.8530614196915743,1.0,67879.0,4478633.785487796,21455410.781210825,244913.60010323723,0.05184949852647608,0.7829900830599527
170,0.19290698074739407,0.700205572876498,0.8530646367910947,0.9872674548263152,68664.16603935907,4480272.770943112,21683475.14506936,246907.45058608454,0.05223144425241675,0.7824135514046123,1.4147482668619597e-07,0.7001886388060178,0.8530751802903538,1.0,68399.0,4479739.020868667,21607424.049258903,246260.99867266425,0.052107693536136895,0.7826253727960794
171,0.19289337239453633,0.7002756130645347,0.8530688255893913,0.9873319783445609,69185.54231637811,4481333.825250027,21835550.24088612,248233.0743090655,0.05248537134442846,0.7820370978713741,1.2406139078876237e-07,0.7002503593167885,0.8530754033693407,1.0,68920.0,4480814.276012094,21759500.658063564,247578.5829953543,0.05235997798471674,0.7822420021468107
172,0.19285955166211627,0.70034475212572,0.8530729176318957,0.9873534857566567,69707.54231637811,4482373.955156469,21987645.594795138,249558.0743090655,0.0527391505693765,0.7816630443368808,2.0643950552551977e-07,0.7003191574758576,0.8530791745531499,1.0,69442.0,4481872.935845439,21911571.53218789,248902.91932748322,0.052613543736744345,0.7818652267793965
173,0.19288910179288685,0.7004130125135514,0.8530769801637231,0.9873534857566567,70229.54231637811,4483379.492633617,22139770.26217873,250883.0743090655,0.05299306299498561,0.781293287464644,1.208746961343736e-07,0.7003893149469588,0.8530838852452279,1.0,69964.0,4482892.080156331,22063691.04299093,250229.30196888134,0.05286770500695975,0.7814941914654193
174,0.1929199135772053,0.7004802423352157,0.8530810228444284,0.9873534857566567,70752.28422411012,4484393.116786751,22291889.65910313,252207.33240133346,0.0532464866443999,0.7809254700797311,1.4041533415935027e-07,0.7004685012976528,0.8530930881874372,1.0,70486.0,4483901.088931494,22215800.67295922,251565.75023965785,0.05312374082287015,0.7811342505093266
175,0.19303521111884775,0.7005464492568227,0.853085003343753,0.9873534857566567,71274.54231637811,4485390.095709216,22444030.389504246,253532.0743090655,0.05349994449245185,0.7805633188152918,1.7780200935601703e-07,0.7005323769859698,0.8530957440905897,1.0,71009.0,4484907.5959000075,22367931.43824202,252886.95730403363,0.0533765063022725,0.7807657234867926
176,0.19301369000422158,0.700611696754531,0.8530888838887997,0.9873534857566567,71797.28422411012,4486372.214754275,22596182.38864394,254856.33240133346,0.0537532265776299,0.7802037909692661,1.2155915848835288e-07,0.7005806374089238,0.8530917875218749,1.0,71531.0,4485891.798908635,22520102.730034657,254194.62819851044,0.05362657302683297,0.7803946230432803
177,0.19330116095293182,0.7006727469609699,0.8530927618571104,0.987288962238411,72320.74653188515,4487329.150016131,22748354.19571997,256179.87009355845,0.05400640529331334,0.7798461071239106,2.4509614962876357e-07,0.7006421299707167,0.8530941588294408,1.0,72054.0,4486854.74876484,22672274.62886218,255515.26377110832,0.05387922669588161,0.7800340159884702
178,0.19369433311790993,0.7007308543042504,0.8530965206289511,0.9872674535443571,72844.00462415314,4488273.3001398,22900539.335842565,257503.61200129046,0.05425952723387403,0.77949304141746,2.9004948525598703e-07,0.7007158611800218,0.8531040606505047,1.0,72578.0,4487815.188260453,22824426.717941154,256851.97035616843,0.05413486889109755,0.7796858109807944
179,0.19362043135620494,0.700786273432542,0.8531002646390438,0.987288962238411,73367.28422411012,4489186.559737606,23052757.97935262,258827.33240133346,0.054512758065964124,0.7791438378279075,1.5342088057199362e-07,0.7007643328542141,0.8531045576445024,1.0,73101.0,4488756.0841383375,22976621.33397242,258168.72531524225,0.05438651362621242,0.7793305985397158
180,0.19366582327375412,0.7008410567865024,0.8531039522557967,0.987288962238411,73890.28422411012,4490124.570598989,23204950.86095279,260151.33240133346,0.05476552025501235,0.7787993328521836,1.2775900923013677e-07,0.7008199527036668,0.853108443413747,1.0,73624.0,4489671.473785119,23128839.069095198,259493.21384853625,0.05463975171339687,0.7789844218612676
181,0.19401199865698854,0.7008926857285684,0.8531076072018459,0.9872674548263152,74413.00462415314,4491042.957307237,23357165.527906228,261475.61200129046,0.05501832487567392,0.7784594489382293,2.833420439957901e-07,0.7008741103515417,0.8531120635355374,1.0,74147.0,4490584.197035617,23281059.373055086,260817.11245483372,0.054892664653969574,0.7786416807723919
182,0.1940529902803858,0.7009423597741735,0.8531111685777687,0.9872674548263152,74936.61748575115,4491978.409613937,23509374.90396817,262798.99913969246,0.05527051557458361,0.7781206360169926,1.2682791746375733e-07,0.7009245890729258,0.8531158221356065,1.0,74670.0,4491529.261780105,23433255.584838875,262141.5917705184,0.055145079219596646,0.7783030779978297
183,0.19407317636057644,0.7009913672528122,0.8531147107371387,0.9872674548263152,75459.54231637811,4492854.431336703,23661641.828583717,264123.0743090655,0.0555232968896464,0.7777875415201225,1.2081098788868769e-07,0.7009843804124058,0.8531241078800829,1.0,75194.0,4492438.6610132,23585476.3911216,263475.57916082884,0.055399557246073414,0.7779721018048077
184,0.19394285999801752,0.7010419749549569,0.8531182221038737,0.9873534857566567,75982.8001935692,4493659.906656629,23813965.826863103,265446.8164318744,0.0557766049060338,0.7774570775308947,2.7909135682338865e-07,0.7010460381583121,0.8531335040000624,1.0,75716.0,4493283.418848167,23737757.309785414,264814.3318339356,0.05565549763043575,0.7776524284342891
185,0.1939282130379102,0.7010944931914004,0.8531217251571099,0.9873749931687527,76507.74653188515,4494391.80976449,23966364.19227874,266768.87009355845,0.056030217965968465,0.7771252443526608,1.1063452342337634e-07,0.7010776103048336,0.853127891810258,1.0,76241.0,4494043.803923015,23890141.345770963,266115.28803185606,0.05590469807432549,0.7773048361576146
186,0.19405341774292537,0.7011467252755527,0.8531251807778942,0.9873534857566567,77032.07979352618,4495174.896440477,24118718.299171954,268091.5368319174,0.056283128532860556,0.776798737011926,1.5593174321637432e-07,0.7011395062099963,0.8531349988103607,1.0,76765.0,4494805.11555195,24042509.881719638,267446.9157141804,0.05615974957354564,0.7769830427411717
187,0.19408441563071274,0.7011964660086213,0.8531285768068533,0.9873534857566567,77557.86471663619,4495908.92880955,24271117.137326594,269412.7519088074,0.05653611015789239,0.7764715315744638,1.0934276892861115e-07,0.7011890761638301,0.8531381530436818,1.0,77290.0,4495552.7571713,24194899.337217018,268768.3995280584,0.05641273076239259,0.7766559312155654
188,0.19408535791643333,0.7012455664356366,0.8531319375627335,0.9873534857566567,78083.86471663619,4496655.573394989,24423516.10581783,270733.7519088074,0.05678868116331185,0.7761471672319112,1.1417756727940101e-07,0.7012247922286708,0.853135292055895,1.0,77816.0,4496293.789322321,24347306.010766167,270074.7435292383,0.05666257405139758,0.7763203196658839
189,0.19408911358273045,0.7012939913604372,0.8531352528411479,0.9873534857566567,78609.07979352618,4497391.63834821,24575923.37412625,272055.5368319174,0.05704131460049445,0.7758284665484725,1.0530192678301245e-07,0.7012814019345383,0.8531421652612727,1.0,78342.0,4497031.346434629,24499707.03369958,271404.2421650321,0.05691682394346993,0.7760030504138357
190,0.19414256177245706,0.7013416856460025,0.8531385488773703,0.9873534857566567,79134.86471663619,4498129.713947737,24728323.847295407,273376.7519088074,0.05729359346487494,0.7755114765933334,1.0535721243556066e-07,0.7013303081411394,0.8531458395463283,1.0,78867.0,4497774.111717425,24652107.79853993,272727.2100140108,0.057169500558175095,0.7756871787304987
191,0.19431837130803065,0.7013885243590999,0.8531417885458922,0.9873319770626028,79660.07979352618,4498862.9183783205,24880713.73997204,274698.5368319174,0.05754582613669732,0.7751994054924354,1.3997936484965106e-07,0.7013739290802486,0.853147393073421,1.0,79393.0,4498503.194233463,24804511.35742202,274044.2003539562,0.05742094185634328,0.775368599758573
192,0.19440510348390924,0.7014327373334395,0.8531449608795616,0.9873319770626028,80185.86471663619,4499596.445424239,25033104.190558124,276019.7519088074,0.05779772542368175,0.7748889726956104,1.2747407883549325e-07,0.7014154431285623,0.8531483917336189,1.0,79918.0,4499243.088784013,24956896.08539193,275360.93709903397,0.05767198763367446,0.775055367544367
193,0.19443692397700804,0.7014772218649766,0.8531481255599409,0.9873319770626028,80711.86471663619,4500305.703731584,25185534.685450047,277340.7519088074,0.05804965999536276,0.7745811400111997,1.0822330382573645e-07,0.7014680636482036,0.8531559305849983,1.0,80444.0,4499968.232873682,25109296.008996386,276692.6663962835,0.05792595291999613,0.7747526367446788
194,0.1944290888490235,0.7015220628321613,0.8531512402439517,0.9873319770626028,81237.07979352618,4500997.241423809,25337965.007850308,278662.5368319174,0.058301751347322184,0.7742786460415575,1.028615716123452e-07,0.70151827446295,0.8531613926314013,1.0,80970.0,4500665.09527321,25261724.976181697,278019.399749281,0.05817905919272396,0.7744499240008773
195,0.1944165172349613,0.7015663308281452,0.853154364536239,0.9873319770626028,81762.07979352618,4501683.703946661,25490412.190558124,279984.5368319174,0.058553735630536466,0.7739798399450599,1.1132999145662796e-07,0.7015610685716661,0.8531636826918721,1.0,81495.0,4501354.878327557,25414161.961802226,279339.54700980755,0.058430740586277674,0.7741483234390468
196,0.1944421552893218,0.7016100284296641,0.8531574259997567,0.9873319770626028,82287.07979352618,4502367.801053877,25642848.06151199,281306.5368319174,0.058805536771605174,0.7736840647117388,1.0415851865659544e-07,0.7015860881322641,0.8531580867426962,1.0,82020.0,4502044.777597522,25566620.664552763,280640.24511466705,0.05867838077140007,0.7738376643733108
197,0.19440713521934014,0.7016532023961422,0.8531604451842943,0.9873534857566567,82812.86471663619,4503027.220561351,25795316.834928486,282627.7519088074,0.05905727715306493,0.7733891393910404,1.1638353136475983e-07,0.7016301786650793,0.8531614360437659,1.0,82545.0,4502710.418553204,25719080.719415974,281963.0101762407,0.058930454364043844,0.7735438422681694
198,0.1944638126744982,0.7016942653364745,0.853163443222932,0.9873534857566567,83338.91837832025,4503684.1023766,25947807.58791268,283948.69824712334,0.05930878778438643,0.7730964363255877,1.0671888831709992e-07,0.7016948280050712,0.8531743066736875,1.0,83071.0,4503370.275790871,25871531.056706734,283308.70415161125,0.0591868961173743,0.7732650314484293
199,0.1946719327861615,0.7017317122574173,0.8531663682027739,0.9873319770626028,83865.07979352618,4504343.446499623,26100277.35111302,285269.5368319174,0.05956003916410685,0.772806384086814,1.2151709698081782e-07,0.7017160222010137,0.8531688423021715,1.0,83598.0,4504020.178674139,26024042.101614926,284607.66034953174,0.059434067329351865,0.7729581739336207
200,0.19469404181641575,0.7017676535633665,0.8531692553584403,0.9873319783445609,84390.91837832025,4505001.17776105,26252751.372405633,286590.69824712334,0.05981116637536269,0.7725200767298644,1.1284875440074432e-07,0.7017580304479153,0.8531744321462776,1.0,84123.0,4504685.704299093,26176502.782833125,285936.4537276012,0.05968669917821515,0.7726768365160184
201,0.19468415956629748,0.7018031308517391,0.8531721393156211,0.9873534857566567,84917.86471663619,4505660.070437682,26405239.673083127,287910.7519088074,0.060061854116938325,0.7722336501956742,1.0370402597719874e-07,0.7017914011418472,0.8531762288344767,1.0,84650.0,4505347.192611164,26328982.17447091,287253.7898385075,0.05993692331105618,0.7723871282609582
202,0.1946456936809091,0.7018382402693972,0.8531749636553374,0.9873534857566567,85443.91837832025,4506308.640714055,26557703.114313368,289231.69824712334,0.06031263991509321,0.7719524175085705,1.0526640321701476e-07,0.7018414572728489,0.8531858145280816,1.0,85176.0,4505999.377184574,26481445.675835114,288592.0083327188,0.06019115190461018,0.7721151000243286
203,0.19460622350308623,0.7018746788340982,0.8531778053207184,0.9873749931687527,85971.17647058824,4506923.006129691,26710218.555113453,290551.4401548554,0.06056341596115198,0.7716707492954104,1.0319371305314526e-07,0.7018713604233872,0.8531863302548421,1.0,85703.0,4506623.3875082955,26633940.64169309,289906.2473268933,0.060440826825657455,0.7718291510462136
204,0.19467679894230727,0.7019098383506814,0.8531805873942742,0.9873749931687527,86497.91837832025,4507551.942036778,26862725.178621355,291871.69824712334,0.06081390596428652,0.7713931952385329,1.0578278965665769e-07,0.7018902536760995,0.8531807697757262,1.0,86230.0,4507246.114150873,26786477.20817049,291204.8901260969,0.0606872630313486,0.7715365294201977
205,0.19468641524539737,0.7019453193951914,0.8531833220097388,0.9873749931687527,87025.23013227229,4508166.06022153,27015251.07129799,293191.38649317133,0.06106426968372551,0.7711168359538434,1.0344166804874982e-07,0.7019441330180601,0.8531926179361171,1.0,86757.0,4507870.129636457,26938967.05626429,292548.35815942776,0.06094225482510682,0.7712737650358258
206,0.19471239816413052,0.7019794963998094,0.8531860579328007,0.9873749931687527,87553.23013227229,4508771.737821271,27167772.726314656,294510.38649317133,0.061314405181360755,0.7708413538938954,1.0525425010317923e-07,0.7019727789945162,0.8531919370823822,1.0,87285.0,4508476.691689404,27091497.05714918,293858.573777745,0.06119075971518538,0.7709915882524386
207,0.1947372570988029,0.7020123735373092,0.8531887534805902,0.9873749931687527,88080.91837832025,4509369.748682654,27320328.618561137,295829.69824712334,0.06156449924610817,0.7705693331914943,1.035776774146348e-07,0.7019954778989695,0.8531898895193277,1.0,87813.0,4509082.530934297,27244044.716318857,295165.2590516924,0.061438385506803576,0.7707099965712058
208,0.19474830581547303,0.702044793714412,0.8531914041470245,0.9873749931687527,88608.23013227229,4509968.576836219,27472858.081083987,297149.38649317133,0.061814456865237934,0.7703008872358398,1.0314559848648376e-07,0.7020338353888491,0.8531951681279423,1.0,88340.0,4509686.987980237,27396584.910109874,296492.1077354177,0.06168976863813905,0.7704451179822615
209,0.1948095374189919,0.7020761424949803,0.853194045218002,0.9873534857566567,89136.23013227229,4510548.824497257,27625410.33831595,298468.38649317133,0.062064320774427834,0.7700332306972023,1.0464287395336497e-07,0.7020783194151698,0.8532033992652283,1.0,88868.0,4510273.665363912,27549107.01850896,297825.8927807684,0.06194253248908326,0.7701849352204951
