,val_loss,val_auprc,val_auroc,val_acc,val_false_negatives,val_false_positives,val_true_negatives,val_true_positives,val_precision,val_recall,loss,auprc,auroc,acc,false_negatives,false_positives,true_negatives,true_positives,precision,recall,lr
0,0.10340899901292962,0.02481369490423982,0.5889004595449587,0.9794239646352759,0.0,119645.11902875519,0.0,2441.9651395814885,0.020001429094530922,1.0,0.1137528732720963,0.022410108040802425,0.5466679193187289,0.9777791081517904,0.0,49548.86914142474,0.0,1016.0624082451988,0.020291008449760287,1.0,0.0020000000949949026
1,0.12974551060901204,0.029457299455707957,0.6222305383465355,0.9794239646352759,0.0,259812.11902875517,0.0,5319.965139581489,0.020065390907035973,1.0,0.09526117877177472,0.02799756898641934,0.6194005439794608,0.9800661140676801,0.0,189733.79565768843,0.0,3876.1358919815043,0.020019771498949637,1.0,0.0020000000949949026
2,0.10465474076874298,0.033601071529297706,0.6411797291007919,0.9794239646352759,0.0,399979.1190287552,0.0,8197.965139581489,0.02008437344607091,1.0,0.09166005838552001,0.031467285545322236,0.6281868346191217,0.9800760978799078,0.0,329887.67284856836,0.0,6767.258701101557,0.020100604121753497,1.0,0.0020000000949949026
3,0.10062405590509477,0.040223112105267654,0.6688591537706926,0.9794239646352759,0.0,540146.1190287552,0.0,11075.965139581489,0.020093497039141085,1.0,0.08542831913642013,0.037293477358606594,0.6571705000697772,0.9800761034510084,0.0,470059.6762940548,0.0,9640.255255615144,0.020097061023229956,1.0,0.0020000000949949026
4,0.11222172643404758,0.04998739249631016,0.6932166501210921,0.9794239646352759,0.0,680311.1190287552,2.0,13953.965139581489,0.02009891884178083,1.0,0.07839112364523522,0.04580962250799563,0.6839418464507437,0.9800960710754638,0.0,610243.0422346726,1.4706933916569294,12500.418621605697,0.020073194514955848,1.0,0.0020000000949949026
5,0.12533972969413854,0.0670220053644023,0.7158397128021206,0.9790744292201037,0.0,820376.8807382206,103.23829053455749,16831.965139581487,0.02010486960630176,1.0,0.06866548982115908,0.05994160788845475,0.7072767515628993,0.9805454863653437,0.0,750330.0677911935,53.102266031498736,15406.761492444897,0.02012029047812281,1.0,0.0020000000949949026
6,0.14803513047157033,0.0991182921747462,0.7352938727790947,0.9792375449071578,0.09120566714824999,959289.4221466188,1357.6968821363657,19709.87393391434,0.0201326707745142,0.9999954632440062,0.05858471699647505,0.08441633519330911,0.7277541541572009,0.9819436560261104,0.0,889904.6149144621,672.2401853571821,18258.076449850694,0.020104366308427424,1.0,0.0020000000949949026
7,0.16259649127045375,0.14127610639462007,0.7519964434846437,0.9773733509371908,5.729645337186,1095035.5854499696,5778.533578785478,22582.2354942443,0.02020565682801909,0.9997482347222839,0.04717753962771806,0.12389878472419223,0.7445679566228526,0.9844703451823591,1.0,1027541.4598875473,3198.300576245119,21139.1710858775,0.020157383167972324,0.9999526606471264,0.0020000000949949026
8,0.1805655878168642,0.18053351976586815,0.7672141306485969,0.9689378773043295,23.789532553479052,1223098.1875844712,17882.931444283917,25442.17560702801,0.020377510636867817,0.999068382413366,0.03675993837491343,0.16565620188853866,0.7603267499566003,0.9875163547673477,13.0,1159158.3886308935,11754.573708441942,23998.96921033446,0.020282888680591124,0.9994582924337239,0.0020000000949949026
9,0.2073202456119382,0.22084137218587524,0.7795817372838587,0.9772801394730816,78.8113436174675,1340955.6242251946,40192.49480356061,28265.153795964023,0.020643176320646325,0.9972261649956601,0.02941472310602961,0.20133865327293318,0.7745928977180851,0.9900130803791896,36.0,1282613.3935744176,28434.321009477586,26886.216965774835,0.02053033301636705,0.9986621946686627,0.0020000000949949026
10,0.23210435092779755,0.26018783677494883,0.7891820932738005,0.9762781344761458,193.07270354662813,1448456.6281400009,72858.49088875426,31028.89243603486,0.02097267761818529,0.9938270138961969,0.024834646418697526,0.24297952479856189,0.7850065329822015,0.9913013940627472,115.0,1395825.8140635767,55397.409373720424,29676.70811237279,0.020817148380649034,0.9961384381155824,0.0020000000949949026
11,0.24405577235743656,0.2950111755457741,0.7969158239565075,0.9762082300420831,377.01659132217924,1548846.987370089,112635.13165866617,33722.94854825931,0.0213089108355293,0.9889549794365754,0.02103770482490545,0.28015691496402734,0.793565947039254,0.9928094152076505,273.0,1499642.3285096523,91715.38751235881,32429.215527658765,0.021165759065266642,0.9916493535509688,0.0020000000949949026
12,0.24920344940379463,0.3224495975222976,0.8037560185981873,0.9625763133909216,547.0195740317845,1641079.0219042737,160570.09712448152,36430.94556554971,0.021717248381798112,0.9852122721175598,0.015302158268761697,0.31346604997282806,0.8005772004665052,0.9947968114473754,485.0,1593824.2839180673,137740.2699164095,35055.3777151931,0.021519900741994138,0.9863499809203886,0.0020000000949949026
13,0.2450579489097461,0.34186067970550066,0.8091981961303018,0.9712215202015934,705.0899939413711,1738704.0179894674,203112.10103928787,39150.875145640115,0.022021376333265112,0.9823160654968377,0.01780120500016267,0.3306176234617999,0.8066783397114458,0.9937282133451958,607.0,1690552.1592413937,181190.58992719537,37800.182381080784,0.021869668648414945,0.9841920042531797,0.0020000000949949026
14,0.27377876371579984,0.36780452159920346,0.8138506432645624,0.9750897130539729,964.5202498019295,1817744.9450528964,264238.1739758587,41769.44488977956,0.022462516787749316,0.9774413103908863,0.011647411015697733,0.3551723134444928,0.8118179564665022,0.9960551670451214,788.0,1780987.496709311,230913.34412919075,40506.09071116837,0.02223681052975116,0.980913720608229,0.0020000000949949026
15,0.26736591928779796,0.38948766898368864,0.8177121948616954,0.9685883380445923,1255.4272731509532,1894375.1330102065,327774.9860185487,44356.53786643054,0.022879143182104763,0.9724835766052363,0.010596968696084291,0.38002895324893393,0.8157945840071887,0.9963148297807433,1123.0,1854363.2342331547,297711.35776133265,43042.33955518271,0.02268393020419706,0.9745686394740117,0.0020000000949949026
16,0.28631225572625973,0.4091650052289958,0.8212409102917273,0.9706156493016634,1570.8357179475229,1959803.6162557674,402513.5027729878,46919.12942163397,0.023380951837681626,0.9676148231067179,0.00766441466590011,0.39970196934130214,0.8196895529577363,0.9974633270315236,1379.0,1929208.0726148745,363023.30276338,45674.55617141545,0.023126816835585064,0.9706885893241946,0.0020000000949949026
17,0.26780293529590454,0.42333722724304307,0.8239513052367107,0.9677727558758717,1878.979260847276,2032479.8638672694,470004.25516148575,49488.98587873421,0.023770281465908753,0.9634269054423686,0.012131035408914146,0.4168419431890516,0.8226232455296099,0.9956457018512932,1746.0,1993276.6634408925,439129.1122429617,48178.15586581578,0.02359914723938687,0.9650223814017611,0.0020000000949949026
18,0.2937076571614721,0.4397274695599674,0.826533658607156,0.9734818441101026,2217.999347532274,2095617.8141399077,547033.3048888475,52027.96579204922,0.02422557065853947,0.9591213537489217,0.0059145201679580576,0.43135644091613673,0.8254825325152023,0.9981923727160061,1994.0,2067585.3542758985,504980.3806313729,50815.196642398456,0.02398673288421914,0.9622367507504388,0.0020000000949949026
19,0.2919993431144132,0.4529665243249518,0.828631777309908,0.9671435894712562,2596.6633266533067,2156906.7386866757,625911.3803420796,54527.301812928185,0.024656980870135424,0.954550042292187,0.007439995383418232,0.4478128873434369,0.8276966907475153,0.9973534700774819,2416.0,2125637.281061809,587058.7319511441,53307.9185367169,0.02446432087203856,0.9566388335429976,0.0020000000949949026
20,0.30660393638969075,0.46542616627498234,0.830659721120126,0.971221515832012,3001.9572633639373,2209280.5662021716,713704.5528265834,57000.007876217554,0.025151333297455822,0.9499768875416035,0.00423552924583534,0.459449195771693,0.829807693362111,0.9986218148448555,2765.0,2184620.988075621,668268.3604378265,55810.583036222546,0.024909998036703677,0.9527916031478055,0.0020000000949949026
21,0.2928673662062976,0.4770378635509342,0.8322315144395541,0.9749965035204797,3441.8262105606564,2261027.8017896255,802124.3172391295,59438.13892902083,0.02561473843657682,0.9452701301145138,0.006791221537034515,0.47098199316816,0.8315543599077102,0.9976930250554208,3221.0,2233281.257812266,759790.8500564261,58216.82368097792,0.025404965446816613,0.947568485549957,0.0020000000949949026
22,0.3004441434408038,0.4878762096809686,0.8337001430275511,0.9691009952358982,3849.71645616815,2318291.9663979122,885027.1526308431,61908.24868341334,0.02600968486348211,0.9414617551163658,0.005359403749007094,0.48308607906945733,0.8329769402495053,0.9981724027104841,3645.0,2289562.5885589877,843688.6534140276,60658.689576654586,0.025809203627866713,0.9433113326640016,0.0020000000949949026
23,0.2992582629440537,0.4969580939363643,0.8349713561124535,0.973598360251407,4276.84676329403,2374153.8417765764,969332.2772521788,64359.11837628746,0.026392769864598226,0.9376938372021225,0.006570174358879325,0.49229424676914096,0.8344123762210427,0.9978727932021845,4038.0,2346958.097622115,926432.590446515,63171.24348103984,0.026210167383343974,0.939914408536546,0.0020000000949949026
24,0.3183148057108996,0.5061322596253489,0.8361711286096208,0.9701729010417832,4762.614251759333,2417943.7714032717,1065709.3476254835,66751.35088782216,0.02686500669033698,0.9334091780075363,0.003254147627897965,0.5024979851734499,0.8357067563610667,0.999031279128521,4493.0,2397104.0613995665,1016438.2667905045,65609.60335959893,0.026640673334185266,0.9359038103794832,0.0020000000949949026
25,0.31032794649388645,0.513650027921239,0.8372045522962406,0.9714079352295643,5260.763340634758,2457847.0039614113,1165973.115067344,69131.20179894673,0.02735726058760216,0.9292886983333265,0.003729003524488015,0.5097628506204925,0.8367119451615679,0.9987616310752421,5002.0,2437724.8588149524,1116007.6889574658,67955.3837772518,0.02712007428376257,0.9314351992516826,0.0020000000949949026
26,0.29637246200482453,0.521156706647548,0.8380619330686642,0.9722701252692953,5726.595190380762,2506216.310388218,1257770.8086405369,71543.36994920073,0.02775408821570666,0.9258924625807363,0.0052576824523989565,0.5175277103174689,0.8377286806760503,0.9983022328487718,5507.0,2480357.5933027733,1213531.8576964177,70338.48055047887,0.027575741748354983,0.9273877665730134,0.0020000000949949026
27,0.30224988775772865,0.5282571471881382,0.8388924585054531,0.971873978791346,6167.182271519784,2556109.112504078,1348045.0065246772,73980.78286806171,0.02812861944437888,0.9230567755278922,0.004729237943506777,0.5249722471036554,0.838506869511239,0.9985519031580623,5929.0,2531470.8122659316,1302601.6178006812,72778.50148305719,0.0279456097368497,0.9246663259596287,0.0020000000949949026
28,0.3073443442398356,0.5353131673012352,0.8396969298344821,0.9742275308228197,6675.24518805052,2601247.1514657224,1443073.967563033,76350.71995153096,0.028514636981448106,0.9196054371409876,0.003596660760593964,0.5317177943012293,0.8393477591450736,0.9989114346894563,6390.0,2580164.0027464023,1394075.5172024649,75195.41160080295,0.028317944832635254,0.9216732989273683,0.0020000000949949026
29,0.30964062430654493,0.5417779310360622,0.8404702371068029,0.9699631833616805,7188.119634618073,2642630.3286573146,1541857.7903714406,78715.84550496342,0.028925347146912996,0.9163274749680835,0.003077408732714574,0.5390066857894217,0.8400819447820571,0.9991111716512087,6948.0,2620792.0812235973,1493612.061838991,77517.78848708193,0.028727897590903367,0.9177380801259146,0.0020000000949949026
30,0.32257561011800406,0.5470130662385407,0.841182483680407,0.9700097905798928,7701.877103043296,2682947.4509018036,1641707.6681269517,81080.08803653819,0.029334040284875573,0.9132535758342726,0.0024445577938374354,0.5447028206164092,0.8409303375662722,0.9991810779806021,7419.0,2664499.9191758796,1590045.8371433422,79950.17523044812,0.029131224027940744,0.9150808539558049,0.0020000000949949026
31,0.310852068429025,0.5519433157216327,0.841792896219817,0.9725264494314761,8227.825231859068,2720158.7214894905,1744663.3975392645,83432.13990772242,0.029759038165670024,0.9102389610102033,0.003344494496438687,0.5494820558100123,0.8415694909876944,0.9988015775330239,7961.0,2700463.616242722,1694262.4626239627,82272.85268298529,0.029565098766749464,0.9117700091966114,0.0020000000949949026
32,0.31222858814022697,0.556985382248839,0.8422235755961078,0.9763480436103555,8792.22766463159,2758949.27543459,1846039.843594165,85745.7374749499,0.030142330378137735,0.907002041503435,0.004825677552134934,0.554409560857355,0.8420720203122045,0.9983321950002546,8478.0,2741240.4142872836,1793656.050144311,84630.46711807532,0.029948112131343876,0.9089413979169669,0.0020000000949949026
33,0.32063913185054116,0.5613736405745743,0.8426816493415842,0.9680989855471487,9356.144195367478,2796147.44036911,1949008.678659645,88059.820944214,0.030531731169444597,0.9039597163808397,0.003804762057775994,0.5597097153992509,0.8424259134582607,0.9987516442866812,9097.0,2775974.3797625112,1899118.2964017137,86860.25538544507,0.030340330362227084,0.9051940585668287,0.0020000000949949026
34,0.32391450544653,0.5650404174707752,0.8431943010827193,0.9708952830606379,9888.841030899008,2830659.8931351076,2054663.2258936479,90405.12410868249,0.030949370625914158,0.9014047341232959,0.0027150330982836195,0.5631314086790962,0.8429704119226937,0.9990812118807925,9598.0,2814603.5818577665,2000635.7209954958,89257.6286964077,0.030737266143188346,0.9029055881431908,0.0020000000949949026
35,0.3260193139435489,0.5693103250144063,0.8436413026036024,0.9731789190132398,10490.900685091112,2857019.8345994316,2168470.284429324,92681.06445449038,0.03142049529320563,0.8983199619933544,0.001631120867831414,0.5671455951183973,0.8434676951146097,0.9995306209376352,10166.0,2844827.9136231537,2110573.9051043135,91572.11282220291,0.031184899701993604,0.9000735806494493,0.0020000000949949026
36,0.31118253054259715,0.5731945156206616,0.8440285716951519,0.9727128672456454,11089.389010579298,2886754.600829566,2278902.518199189,94960.57612900219,0.03184763992509699,0.8954352486465252,0.0035026833786901018,0.5713346319876212,0.8438656243146138,0.9987416562063915,10808.0,2869851.806843036,2225723.5133674885,93801.61133914572,0.031650395861626185,0.8966793799073886,0.0020000000949949026
37,0.3059077389785171,0.5769641019482756,0.8443506403305371,0.9760451183107085,11650.21913594631,2924478.311879573,2381345.807149182,97277.74600363518,0.032192457394572244,0.8930493510407793,0.004735601654145126,0.5750029237633396,0.8442418309541976,0.9985519052587583,11360.0,2905584.9864477534,2330158.781865756,96126.16323616063,0.03202350187811452,0.8943089329325268,0.0020000000949949026
38,0.31714652726827686,0.5809330895800745,0.8446493983607637,0.9735284472809659,12246.379503192431,2956678.862515729,2489312.256513026,99559.58563638906,0.032575858112001164,0.8904704005296996,0.0028558157387819257,0.5792829440616545,0.8445640366803006,0.9990212899588935,11936.0,2941710.387981744,2434162.080504539,98466.46306338697,0.03238813591943969,0.8918835314776111,0.0020000000949949026
39,0.3292551857341662,0.5847935235505336,0.8449768878798363,0.974250823210741,12899.353218064036,2978325.36156033,2607832.757468425,101784.61192151745,0.03304577183927901,0.8875257768201857,0.0009087486018937083,0.5827717069080361,0.8447971349893233,0.99979027744022,12545.0,2969011.0446714805,2547098.4920254466,100665.3948527429,0.032793276879247324,0.8891858111919023,0.0020000000949949026
40,0.3290048542069151,0.5876270665834428,0.8452815675705473,0.9686349461267205,13532.751083562474,2999650.5723074055,2726674.5467213495,104029.21405601902,0.0335180286022742,0.8848906824671778,0.002767751946950395,0.5865530850855607,0.8451376113215759,0.9991011848626478,13246.0,2986983.855329518,2669247.0711168367,102888.00510331466,0.033298270888126924,0.8859392899145475,0.0020000000949949026
41,0.31682276758547845,0.5897309877846133,0.845555596887307,0.9712681211279418,14104.309083282844,3032860.7250314583,2833631.3939972967,106335.65605629864,0.03387353369124022,0.8828956269371202,0.003943792695659427,0.588617657824241,0.8454620972814599,0.9986517728294717,13820.0,3015710.702200118,2780684.80741229,105194.42193726219,0.03370613876590205,0.8838769198791434,0.0020000000949949026
42,0.33952579684074613,0.5918366232005893,0.8458787397980084,0.9671901933949208,14684.45141445682,3059385.0350934425,2947274.0839353125,108633.51372512466,0.03429068495073395,0.8809242955446188,0.0019377902919984452,0.5911663875216387,0.8457502060214346,0.9993308827853495,14380.0,3047256.3221379993,2889303.9404180525,107514.66899361835,0.03407981883522364,0.882026688436076,0.0020000000949949026
43,0.32152331636809467,0.5939960413400917,0.8461595436269663,0.9734818458212674,15306.4113342965,3085121.7008435475,3061704.4181852075,110889.55380528499,0.034696235002571955,0.878711502699926,0.002783176573097081,0.5927084332789607,0.8460898490006186,0.9990612383036706,14982.0,3072576.9880156997,3004140.327570882,109800.61596308835,0.03450248834270706,0.8799326690754032,0.0020000000949949026
44,0.3136345586905849,0.5963587343606666,0.8463916695672968,0.9720837013660464,15897.48823227851,3117467.9652327914,3169525.153795964,113176.47690730297,0.03503217444830096,0.8768360608137514,0.004189701021901913,0.5952111172533937,0.8462738050095712,0.9986018406724669,15624.0,3099379.418481789,3117541.3793130997,112000.13375478124,0.034875795582091515,0.8775755704747525,0.0020000000949949026
45,0.3218582396366814,0.5989400172836934,0.8466219227267439,0.9740411085196209,16484.04049960386,3145652.2718926226,3281507.847136133,115467.92463997763,0.03540744377578711,0.8750775384204044,0.002048071475902747,0.597689280330202,0.846558168756219,0.9993408695739106,16165.0,3133052.9619798064,3224009.4990063016,114362.47056356173,0.035216258017807055,0.8761539694567185,0.0020000000949949026
46,0.33771788047523055,0.6012691054933307,0.846818580945007,0.970778770011097,17133.713520063382,3168247.2905345573,3399079.8284941977,117696.25161951811,0.03581810054938863,0.8729256424081844,0.0014685289700612123,0.6003207849385472,0.846737774335661,0.9995006593814191,16801.0,3157354.3291987497,3339891.25067162,116588.35167930012,0.035610813556097985,0.8740431623830499,0.0020000000949949026
47,0.3309267939662102,0.6032134229563408,0.8470124530510005,0.9727594704081751,17802.47648785944,3187226.183483246,3520267.9355455097,119905.48865172204,0.03625664329160186,0.87072500759154,0.0016362811955429588,0.6022188464306445,0.8469503414491478,0.9994906737833914,17463.0,3177591.852493234,3459810.6106300745,118814.46842636146,0.03604348220939433,0.8718548272864214,0.0020000000949949026
48,0.3114759546876948,0.605044251856213,0.8471958905551509,0.9726196606844676,18414.75984527194,3214139.218064035,3633521.90096472,122171.20529430955,0.03661866563106203,0.8690157379909392,0.003453283832472301,0.6040935205205592,0.8471219752741841,0.9989913295932106,18134.0,3198053.625071157,3579523.208397,121014.09808151322,0.036460083160087364,0.8696761931140464,0.0020000000949949026
49,0.32836785424303994,0.6069367121643449,0.8474034423201883,0.9699631842089292,18986.64184182318,3245100.677820758,3742727.4412079975,124477.32329775831,0.03694152222185759,0.867657263822756,0.0023829267420944203,0.6061404775160494,0.8473140395113506,0.9992210275159125,18686.0,3231024.359039658,3686721.3919165893,123338.18059342261,0.03676929764503245,0.868428755356664,0.0020000000949949026
50,0.328035904631486,0.6085792288323754,0.8475872617168563,0.9718040734933675,19607.832781842757,3269199.160926504,3858795.958102251,126734.13235773874,0.03731938495384089,0.8660153041388385,0.0019760293738013833,0.6077014862192782,0.8475277662084355,0.9993508562612762,19282.0,3257844.7666157335,3800070.8306118986,125617.33432203814,0.037126692154128116,0.8669262043283129,0.0020000000949949026
51,0.30292164829513224,0.6099937580647059,0.8476535011750096,0.9756955795843214,20201.399030619377,3307879.4557487066,3960282.6632800484,129018.56610896211,0.03753925585006325,0.8646213210611867,0.00667377059361149,0.6091322535633037,0.8476457848974243,0.997643092898416,19924.0,3286258.1919385605,3911815.716671161,127862.02293994867,0.03745076513732033,0.8651814128053912,0.0020000000949949026
52,0.33170225817553733,0.6117326484236739,0.8477987903564614,0.9687281496905823,20739.3411474111,3341083.8374423264,4067245.2815864286,131358.62399217038,0.03782889315397618,0.863646085205519,0.0020525728384344277,0.611211312365886,0.8477225919155617,0.9994207650729314,20467.0,3325260.8660754412,4012984.3468955667,130192.71857866195,0.03767728360033271,0.8641488581624684,0.0020000000949949026
53,0.3501535717181081,0.6125391598554939,0.8480076992612308,0.9655124213975869,21283.143962343293,3367434.425036119,4181061.6939926366,133692.8211772382,0.038185657746456166,0.8626693725841501,0.0011422733036122374,0.6123295820845969,0.8479110810955288,0.9996904088581485,20999.0,3355103.4210684006,4123314.224785531,132533.2856957386,0.0380007313564364,0.8632255417552188,0.0020000000949949026
54,0.3148431356051997,0.6130635985380539,0.8481876901074215,0.9694738315920375,21818.040965652235,3403123.402106539,4285539.716922216,136035.92417392926,0.03843736892299844,0.8617844488767763,0.004433210420343181,0.6125653572297578,0.8481231817878333,0.9983022298724386,21560.0,3384048.7864697245,4234526.631472771,134859.5136071746,0.03832408072791014,0.8621637376813098,0.0020000000949949026
55,0.3134407270664148,0.6146864082860264,0.8483234579378579,0.9749265952418522,22360.675164282053,3433219.4009414176,4395610.718087338,138371.28997529944,0.038742207769562685,0.8608834533687628,0.002445896110828011,0.6137501400680758,0.8482816625527889,0.999270960268184,22065.0,3419136.6726887776,4339625.848917917,137212.40994297471,0.038582223179708094,0.8614663570049912,0.0020000000949949026
56,0.32932910390784015,0.6165310912420716,0.8484161640055811,0.9751363219916834,23013.69874632987,3457889.8738873093,4511107.245141446,140596.26639325163,0.03907094906100429,0.8593395465756027,0.001549600725800192,0.6156638258745069,0.8483942492859845,0.9995306209376352,22651.0,3447453.9350650646,4451468.425922042,139511.57056256305,0.038893879893555736,0.8603174008649374,0.0020000000949949026
57,0.3730107626577412,0.6172886076697756,0.8485347825682952,0.9617141274152067,23680.161765391247,3475510.85230927,4633653.266719486,142807.80337419023,0.03946800634491342,0.8577677515172312,0.000888642668247498,0.6175129081005449,0.8484685615404077,0.9997103825364657,23362.0,3465676.2435110006,4573408.703258731,141682.98477993827,0.039275974966557735,0.8584489971353174,0.0020000000949949026
58,0.3339565174774182,0.6179065616176275,0.8486405486534309,0.9747634847799619,24345.50230693946,3493581.144661416,4755749.974367339,145020.46283264202,0.03985609978051301,0.8562564602456878,0.0013626070524209771,0.6171538918212469,0.8486284388771148,0.9994607128224419,23983.0,3484979.8549600025,4694275.99669433,143936.0798953371,0.039663541741009396,0.8571735977081237,0.0020000000949949026
59,0.33015376309143585,0.619333880142224,0.8487181880769988,0.9718972864575236,25013.462692827514,3516385.995619145,4873112.12340961,147230.50244675396,0.04018720921505563,0.8547800180351667,0.002107682963023383,0.6187446029117126,0.8486884359109501,0.9993408701691772,24699.0,3503253.4864527467,4816148.093068081,146119.35202884223,0.04003943595042821,0.8554061395009235,0.0020000000949949026
60,0.34040335032837354,0.6202577482694548,0.848820999091795,0.9695670433700454,25639.615789718973,3542987.28410309,4986677.8349256655,149482.34934986252,0.04048303160923205,0.8535910739994018,0.0019660074458765155,0.6198841353033082,0.8487727577830054,0.9993608443415658,25317.0,3529951.471612188,4929636.103025037,148360.3569124447,0.04033366901393079,0.854228088453367,0.0020000000949949026
61,0.34380675728614307,0.6214157362855836,0.8488962441625869,0.973458547538717,26330.12471454537,3559433.9841543552,5110398.1348744,151669.84042503612,0.040869199633133034,0.8520792792731998,0.0006837906052061785,0.6208133026382335,0.848904628772163,0.9997802906516591,25948.0,3552552.0559566966,5047171.928753333,150637.94683964006,0.040677778073745806,0.8530558647377116,0.0020000000949949026
62,0.3313236086900911,0.6227441904356713,0.8489392921748696,0.9736682699189668,27040.408584611083,3572490.1189355454,5237509.00009321,153837.55655497042,0.04128395930834011,0.850505815951462,0.0015629600669970108,0.6220970067423498,0.848933447197356,0.9995206323632744,26698.0,3565008.3924758565,5174901.787088914,152746.75198489978,0.04108565643520832,0.8512172899996157,0.0020000000949949026
63,0.3392462745241513,0.6233707346803751,0.8490153073503391,0.9642773904960198,27642.904413478118,3603177.765903901,5346988.353124854,156113.06072610337,0.04152727560439464,0.8495681234495435,0.003357723693351249,0.623288075626834,0.8489704123740393,0.9988914605170678,27371.0,3586069.982772568,5294016.38475597,154942.5640211323,0.04141713877015971,0.8498670536731903,0.0020000000949949026
64,0.3325306866438651,0.6243411676744915,0.8491030399650564,0.9760917192370571,28281.60078296127,3623881.104161812,5466452.0148669435,158352.3643566202,0.04186742245100938,0.8484660861637384,0.0011981240536632482,0.6235373393969811,0.8491031502851376,0.9995406071309295,27900.0,3615902.1211912395,5404360.9436338395,157281.8667245908,0.041684006856311934,0.849335839623948,0.0020000000949949026
65,0.30867496816205386,0.6256260594461851,0.8491254803262898,0.9740644101050525,28911.00964720138,3652522.17350981,5577977.945518944,160600.9554923801,0.04211796724014882,0.8474456741735732,0.003105901105616199,0.6250919717086386,0.8491249040774131,0.9990512485387764,28644.0,3634376.1233683876,5526025.129200747,159444.6789805355,0.04202733264284133,0.8477086970621613,0.0020000000949949026
66,0.33802152073893904,0.6268128165690048,0.8491956500658847,0.9724565416861987,29519.382532506876,3677275.3358344594,5693391.783194295,162870.5826070746,0.04241260432046152,0.8465659106833885,0.0012656974355944985,0.6262853322929299,0.8491761130367339,0.9995406065356629,29162.0,3667593.324425003,5632998.407386324,161781.19973834278,0.04224729868243847,0.8472725793482226,0.0020000000949949026
67,0.3415856265108367,0.6279004800073553,0.8492555885461168,0.9737148741565302,30243.142750617513,3689584.667660903,5821249.451367852,165024.82238896398,0.042812332473099776,0.8451208809929136,0.0006335136985449787,0.6273181553856343,0.8492409260646736,0.999800264228781,29863.0,3684177.63490827,5756584.841996984,163954.45464441582,0.04260615471059728,0.8459206279496493,0.0020000000949949026
68,0.33243221446219656,0.6286479999108268,0.8493031082568,0.9701263023516158,30902.87761569651,3711442.2328377687,5939558.886190986,167243.08752388498,0.04311850587917479,0.8440406334396288,0.002349231573587256,0.6283734879366231,0.8492816266288657,0.9992410034741009,30602.0,3697590.929482378,5883322.19883952,166109.80322777163,0.0429922869165345,0.8444309534252561,0.0020000000949949026
69,0.32460899450419284,0.629486719840403,0.849385778449058,0.9728293825313674,31523.369995805566,3733917.6385794845,6057250.48044927,169500.59514377592,0.04342363477180332,0.8431868994925459,0.0020104121350604026,0.6289701358334648,0.8493652446540645,0.9992909350358391,31185.0,3724067.1599904126,5997022.675614945,168395.09594431295,0.04326172783714719,0.8437456064071093,0.0020000000949949026
70,0.3245530414376848,0.6304124011299831,0.8494472713279786,0.9719671874692568,32159.93274921937,3756069.3692035233,6175265.749825232,171742.03239036212,0.04372461615292203,0.8422782550421667,0.0025974783242997297,0.6299898678196555,0.8494219851543123,0.9990712239016982,31850.0,3744923.833178536,6116342.120482168,170598.97788896546,0.043569792274814764,0.8426751163629883,0.0020000000949949026
71,0.3187172128363403,0.6314441048155051,0.8494883707847822,0.9747168741310865,32778.38877755511,3777284.6302838232,6294217.488744931,174001.5763620264,0.044036696765209146,0.8414825878277982,0.001994711616768443,0.6309339061161119,0.8494944199329643,0.9993408695739106,32461.0,3766156.5388041665,6235253.854410722,172888.53833478145,0.0438908706344157,0.841921912878655,0.0020000000949949026
72,0.327815692380995,0.6326348230790663,0.8495142512871044,0.9753693417905678,33443.726056764695,3797443.749452393,6414225.369576362,176214.23908281678,0.04434559961754256,0.8404852507881879,0.001405053229814974,0.6320432788068677,0.8495078098496442,0.9996404756118057,33084.0,3788576.4541550567,6353023.529466399,175120.94792821404,0.044181105787511776,0.8410976832945496,0.0020000000949949026
73,0.3406459223097944,0.6336332263965201,0.8495443927284477,0.9721536169115682,34134.88264901897,3816684.934333784,6535151.184694971,178401.08249056252,0.04465513171267603,0.83939325820868,0.0011237217874585515,0.6332652545643408,0.8495413008269422,0.9996205014394172,33790.0,3806704.2021851377,6475048.9295822475,177306.7997822852,0.04450448953113276,0.8399300583429359,0.0020000000949949026
74,0.31079206300641826,0.6340792747264351,0.8496360466326583,0.9659784715567974,34638.70718180547,3844377.61704805,6647625.501980705,180775.25795777602,0.04491145445918745,0.8391996769895756,0.0025597517737562707,0.6340560734678571,0.8495951872849329,0.9991611054928181,34461.0,3825370.8667645385,6596524.487461425,179538.57732370595,0.04482952270223507,0.8389658405195979,0.0020000000949949026
75,0.31595096705860676,0.6343902945935174,0.8497101147638072,0.9712914221800234,35069.73076385329,3891268.7065759427,6740901.412452812,183222.2343757282,0.04496814576895838,0.8393453511941987,0.0035720845757769796,0.6341593008360397,0.849705652009199,0.9990013145959716,34820.0,3871728.1648640283,6690356.040736635,182035.7259490068,0.044905266164297256,0.8394312894368974,0.0020000000949949026
76,0.3259046180564826,0.6352775761414126,0.849757111352549,0.9757887910400971,35655.25273803421,3918936.8778487206,6853400.241180034,185514.7124015473,0.04519841835488198,0.8387887768106069,0.0014055883023150796,0.6348022225578591,0.8497698540697372,0.9995006587861525,35309.0,3907842.5638813153,6794401.281361417,184432.0863069379,0.04506824839900716,0.8393143549034838,0.0020000000949949026
77,0.3380516462270048,0.6362182292832895,0.8497893147584793,0.9728526844390314,36344.71878641003,3937726.1006664494,6974778.018362306,187703.24635317145,0.04549908430042585,0.8377822799896402,0.001098017140807117,0.6358649728360833,0.8497856757393708,0.9996804227660495,35994.0,3928496.4392845375,6913922.55528258,186616.93698255287,0.04534906266058999,0.8383087514634507,0.0020000000949949026
78,0.3117294609616108,0.6367521422015002,0.8498141777817088,0.972200216126752,36943.061005732394,3973948.0759192803,7078723.043109475,189982.9041338491,0.045625870264974604,0.8372026305916025,0.0038890119856360024,0.6364865774062144,0.8498041335259274,0.9986517728294717,36683.0,3952906.0352737913,7029679.390039049,188806.50623682977,0.04558648679187918,0.8373172995492489,0.0020000000949949026
79,0.3288503499979319,0.6376587722832278,0.8498638487792212,0.9753227428976163,37542.58824625996,3998067.353544298,7194770.765484457,192261.37689332152,0.04588217201204354,0.8366328522666456,0.0011810360360670108,0.6371636452796158,0.8498595144026249,0.9996404756118057,37180.0,3989001.9479981223,7133763.460306997,191174.52324454964,0.045733506400231334,0.8371819426595496,0.0020000000949949026
80,0.34690666063448455,0.6383597205112669,0.8498944309510361,0.9692175039075241,38228.280794146434,4014845.9894673065,7318159.1295614485,194453.68434543506,0.046196210792437235,0.8357065352654864,0.0010410619818667598,0.6381527132276799,0.8498745446670352,0.9997203699202933,37888.0,4006060.505947209,7256870.504189512,193345.92141294904,0.04604116406120696,0.8361475769529697,0.0020000000949949026
81,0.3396171047146736,0.6388096654993483,0.849945348343145,0.9710350888203323,38893.84005219742,4028586.662347952,7444585.456680804,196666.12508738408,0.0465454139348753,0.8348883745743321,0.0010115723611723534,0.638528308299238,0.8499205473343634,0.9996604491889276,38553.0,4021502.198270266,7381610.113131797,195544.62014760665,0.0463699714854102,0.8353112812912802,0.0020000000949949026
82,0.33316353114980096,0.6393606538801917,0.849982591601383,0.9734818501908487,39569.95782262199,4048629.7203243696,7564709.398704385,198868.0073169595,0.0468200412738391,0.8340457200687351,0.0016799189543603523,0.6391048445682884,0.8499979697070176,0.9994007926863429,39218.0,4038386.146567996,7504834.0722453585,197816.7127363154,0.0466966117655577,0.8345464624378868,0.0020000000949949026
83,0.32738154994900864,0.6401068388640717,0.8499995408822857,0.9756489708493951,40270.060306659834,4066887.788553852,7686618.330474903,201045.90483292166,0.04710614716071376,0.833123760792962,0.001772935826107915,0.6397247875753859,0.8500153671718803,0.9994607116319086,39905.0,4057698.6967073134,7625716.13593193,199980.09891042733,0.04696919096241121,0.8336485657029209,0.0020000000949949026
84,0.31478612772231834,0.6409114369776274,0.8500127922584699,0.9751829284737615,40914.79167637601,4091240.157850585,7802432.9611781705,203279.1734632055,0.047334564514914794,0.8324501258482353,0.002408535574672672,0.640566051278354,0.8500198084515823,0.9991810809569353,40612.0,4076978.023788837,7746594.760703478,202160.14705735486,0.0472431007563113,0.8327146509271794,0.0020000000949949026
85,0.31392737091234857,0.6416305961094204,0.8500584657085449,0.9728293850981146,41477.44638113436,4116723.9209115906,7917116.198117165,205594.5187584471,0.04756580822153461,0.832124453661087,0.00223807871444533,0.6413661847000891,0.8500432595651544,0.9992709614587172,41205.0,4102865.1095564812,7860888.097352468,204431.72464072067,0.04746163202678913,0.8322513302982772,0.0020000000949949026
86,0.335661069471916,0.6420819860955412,0.8501347256694596,0.9690543870343218,42035.80971244815,4144252.5249568904,8029754.594071865,207914.15542713334,0.047772569969117974,0.8318235839397158,0.001985581088144007,0.6419671103193826,0.8501048202406596,0.9994607128224419,41731.0,4132186.9077508464,7971734.028203054,206782.99559576955,0.04765707158836009,0.8320769565489575,0.0020000000949949026
87,0.34064004162559364,0.642610462812918,0.8501856347529748,0.9745304578336313,42697.04753693433,4161997.579950599,8152176.539078156,210130.91760264715,0.04806146963030765,0.8311227671463491,0.0006340116636420778,0.6423124339502175,0.8501944350314818,0.9998601849601466,42317.0,4155294.7645084937,8088789.35644306,209078.81059811646,0.04790572357343248,0.8316709286771505,0.0020000000949949026
88,0.3530273969850008,0.643187758506675,0.8502049898314566,0.9715011483965046,43432.2146618819,4171395.997949387,8282945.121079368,212273.7504776996,0.048423755690701974,0.8301484308188574,0.0003278272586349941,0.6430097542325678,0.8502097870726364,0.9998901453258295,43057.0,4166534.214179425,8217705.531673508,211228.1856967373,0.04825021074718065,0.8306735149704313,0.0020000000949949026
89,0.3421253078041747,0.6436007320783664,0.8502316556028202,0.9721070029598117,44135.11567320688,4183830.8359975764,8410677.283031179,214448.8494663746,0.0487574416326847,0.8293205076608019,0.0010430253327216232,0.6434128173663317,0.8502330481556647,0.9996704359774886,43790.0,4176237.8621805436,8348186.560515724,213355.50885340205,0.048604787864995884,0.8297064635076004,0.0020000000949949026
90,0.31623012804721706,0.6441994562988852,0.8502472755281947,0.9767441860409559,44790.8014633919,4206301.335461621,8528373.783567134,216671.16367618958,0.048987684353783964,0.828691446842827,0.002329995806460962,0.6438241424005615,0.8502618078369685,0.9992410034741009,44461.0,4194083.810308496,8470494.559487073,215575.56175410212,0.0488870411861196,0.82901937631253,0.0020000000949949026
91,0.3349499855152841,0.6447949164977205,0.8502700039984523,0.971291421324441,45437.79218902922,4230440.799785618,8644401.319243137,218902.17295055228,0.04919876732057515,0.8281089844483445,0.002125666097953268,0.64459482516142,0.8502517397671278,0.9992410022835677,45111.0,4218677.761792053,8586094.04337318,217777.1263844364,0.049088010274012134,0.828401452882663,0.0020000000949949026
92,0.33299304556523274,0.6453707498234494,0.8502951219463335,0.9756955745619419,46131.569464510416,4246656.485482593,8768352.633546162,221086.39567507108,0.04948503197961053,0.8273640931605426,0.0013703311238182237,0.6450275255977512,0.8503069271779975,0.9995505939194905,45751.0,4239715.609721265,8705209.842935754,220028.47889265063,0.049336499790577096,0.8278602391370977,0.0020000000949949026
93,0.3303564351119583,0.6459008115543625,0.8503253049334225,0.9710816966913428,46826.71426574078,4264989.799785618,8890186.319243137,223269.2508738407,0.04974518325402912,0.8266298142301518,0.002339404785949322,0.6457223147509527,0.8503045874324334,0.9989913301884773,46498.0,4254421.481728935,8830664.199798264,222166.25002247057,0.04962839974588751,0.8269281393031757,0.0020000000949949026
94,0.3347681839429316,0.6463908550234495,0.8503762619823291,0.9740644071244036,47504.700750337885,4281669.764412546,9013673.35461621,225469.26438924362,0.05002492054089916,0.8259740167719267,0.0012398240554377447,0.6461453382266797,0.8503655191212204,0.9995805542851733,47144.0,4274173.953510901,8951095.945461446,224381.0325773237,0.049878394170129584,0.82637247608594,0.0020000000949949026
95,0.33489203482231544,0.6469030725315388,0.8504108901697663,0.9732721253632999,48213.06156499044,4294777.349815911,9140732.769212844,227638.90357459104,0.050335682044680315,0.825221756014402,0.001021217156243911,0.6466650682607815,0.8503981422306987,0.9997203699202933,47852.0,4288565.435060072,9076860.518251091,226561.97823850755,0.05017836225176742,0.8256203744967233,0.0020000000949949026
96,0.3349118505041136,0.6474573554183539,0.8504408564695125,0.9742741328075347,48943.647387798854,4305736.162977117,9269940.956051638,229786.31775178263,0.05066369315248648,0.8244053109047624,0.000867123575077252,0.6472326090537023,0.8504627538900508,0.9997203699202933,48566.0,4300441.495181313,9205122.276357971,228755.1600103864,0.05050672897648338,0.8248737775905979,0.0020000000949949026
97,0.32943449628682575,0.6479656955549922,0.8504541997680205,0.972386635118736,49655.2161532367,4318805.688493266,9397038.43053549,231952.74898634478,0.05097013256706729,0.8236730068917876,0.0017613298328256876,0.6477560970055604,0.850455527230909,0.9993508575530048,49306.0,4311011.936513168,9334748.596039189,230863.39899731352,0.05082991137897341,0.8240128516307982,0.0020000000949949026
98,0.32706951513902427,0.6484750713407368,0.8504793919626717,0.9744372479695723,50350.71603672461,4337153.060073636,9518858.05895512,234135.24910285688,0.05121865900131909,0.8230120660891241,0.002369104717623391,0.6482263788606342,0.8504868833034208,0.9992210281111791,49989.0,4327793.983301874,9458129.704287384,233062.24396041187,0.05110047223552343,0.8233916827327554,0.0020000000949949026
99,0.33533450082613236,0.6489828235422925,0.8504924114538149,0.9728293797535027,51064.789951997016,4352354.6687328145,9643823.45029594,236299.17518758448,0.05149640645363927,0.822299717367876,0.0013819206141981648,0.6487596679998886,0.8504921219850622,0.9996504624003667,50702.0,4344712.774615254,9581388.359289331,235216.79764508494,0.05135809998733511,0.8226691809966908,0.0020000000949949026
100,0.36517575825839094,0.6492188870809604,0.8505253267709332,0.9679358769992071,51780.900452066926,4365302.038262571,9771043.080766184,238461.06468751456,0.051796990075076724,0.8215944825889024,0.0007397590975702711,0.6492507901980654,0.8505187018046615,0.9997703038630981,51414.0,4359622.031388881,9706636.005742477,237392.894418312,0.051640606883605715,0.8219772407902641,0.0020000000949949026
101,0.3232239085663374,0.6494444064671314,0.8505536314186315,0.9740877097765352,52460.69096332199,4384608.475835391,9891903.643193364,240659.2741762595,0.0520314322532365,0.8210269345588052,0.002041305949170238,0.6491770903039676,0.8505505550236391,0.9994007920910762,52133.0,4372688.615713416,9833745.53947329,239542.7763629645,0.05193634857352776,0.8212631786066393,0.0020000000949949026
102,0.3341562190048958,0.6500016514022825,0.8505764342828861,0.9738546874025703,53142.77792794892,4403053.0974507155,10013626.02157804,242855.18721163255,0.05227292130438258,0.8204627960410595,0.0009538059470123241,0.6497615510382506,0.8505758673877994,0.9997003963431714,52778.0,4395185.625630424,9951408.738452626,241782.56746661873,0.052142317421482315,0.8208239508697125,0.0020000000949949026
103,0.36519306540050295,0.6502099586909852,0.8506177515992915,0.9660483765325436,53836.27077410635,4417541.136039521,10139304.982989235,245039.69436547512,0.05255452406808776,0.819871247364745,0.0008703082155654558,0.6502685348174992,0.8506011577973352,0.9996904095546105,53498.0,4409556.039188663,10077206.063926257,243939.82843475047,0.052420709160502184,0.8201365068027621,0.0020000000949949026
104,0.32577959840160026,0.6504150950720322,0.8506357764611069,0.9769306035245593,54544.4822668593,4433390.818194529,10263622.300834227,247209.48287272218,0.052815766450641496,0.819242317934219,0.0014126767619432215,0.6501136911377182,0.8506448096269006,0.9995006587861525,54166.0,4425444.302543668,10201492.740170376,246141.88883562534,0.0526890834984064,0.8196311009069379,0.0020000000949949026
105,0.33076087319684805,0.6509867569032084,0.850629302633327,0.9755091654119329,55292.41161392553,4450128.74460549,10387051.374423265,249339.55352565597,0.05305697228406218,0.818494832392935,0.0016663842054517866,0.6507566057752693,0.8506472507743524,0.9994507248433476,54908.0,4442372.246147547,10324711.483177038,248298.20222508514,0.052934414959619605,0.8189080894648766,0.0020000000949949026
106,0.32340074749157816,0.651454671079139,0.8506461149793849,0.9726196610150335,55976.84154355222,4468631.591275575,10508715.52775318,251533.12359602927,0.05328906421204251,0.8179677141625544,0.0017925549073143476,0.6512635690082944,0.8506369604652801,0.9995006599766857,55668.0,4457482.548471502,10449780.78434251,250403.5987356563,0.05318805061000877,0.8181203407622004,0.0020000000949949026
107,0.3416111823002101,0.6518445530469761,0.8506778161501393,0.9714079338406318,56634.48576222212,4487743.151745351,10629770.967283404,253753.47937735936,0.0535175942534538,0.8175368484359822,0.001075000795920725,0.6517113573368003,0.8506775332275087,0.9996604491889276,56277.0,4479701.4287783,10567727.745553326,252673.75721804437,0.05339252611248517,0.8178441354223638,0.0020000000949949026
108,0.33838447824397616,0.652150782791795,0.8506972568424138,0.9718739834914932,57322.91722980845,4502939.061192152,10754742.057836603,255943.04790977304,0.053782182275178066,0.8170155424487698,0.0010906316499741616,0.6520635257031,0.8507117706822797,0.999660448593661,56973.0,4495354.856897464,10692212.824759565,254884.24989264066,0.05365708569687106,0.8173100369276203,0.0020000000949949026
109,0.3351365250693778,0.6524562493793761,0.8507272584265986,0.9703826331278926,57981.4113342965,4519379.238943002,10878468.880085753,258162.553805285,0.05403669788053575,0.8165984145802865,0.0014336566056836046,0.652306904851098,0.8507204455775558,0.999590541669001,57655.0,4510425.005802399,10817346.4277097,257043.4980375708,0.053916086762882516,0.8167922985051217,0.0020000000949949026
110,0.32314033793754166,0.6527988148984524,0.850739515252186,0.974437246250074,58640.92524584052,4541854.965186186,10996160.153842568,260381.03989374096,0.05422079708944047,0.8161856521485419,0.0022040235836642097,0.6525974442529026,0.8507494081144232,0.9992809494378114,58299.0,4529902.77709201,10938027.646912545,259285.5075451159,0.05413969679524012,0.8164293799565004,0.0020000000949949026
111,0.32926370240648967,0.6533179193889295,0.8507539798552611,0.974623669822757,59326.8365568346,4557213.187817495,11120968.93121126,262573.1285827469,0.05447817095012596,0.8156982726156753,0.0009045346150107447,0.6530984464327313,0.8507611819190594,0.9997203699202933,58969.0,4550329.641299897,11057762.609481579,261498.68076819368,0.054344921330371616,0.8159902184864426,0.0020000000949949026
112,0.3385729426500287,0.6537909342190723,0.8507545553205086,0.9751363212555493,60080.076618352985,4569996.174721536,11248352.94430722,264697.8885212285,0.05474966714847825,0.8150122589359869,0.0007272033224059234,0.6535878586762676,0.8507700649659865,0.9997003957479048,59676.0,4565062.919375618,11183198.38871079,263667.62346326315,0.054603866805100446,0.8154403347755997,0.0020000000949949026
113,0.3397563370230725,0.6541921960794732,0.8507620511330779,0.9723167256622939,60837.63811343617,4579287.331919653,11379228.787109101,266818.3270261453,0.05505829911194466,0.8143249933226397,0.000953842696293674,0.654050289340457,0.8507621458873219,0.9997403434974153,60472.0,4573687.7990332665,11314745.262825698,265744.86969070515,0.05491235953727039,0.8146258161090845,0.0020000000949949026
114,0.335222361641372,0.6544946866710594,0.850779295920459,0.9721536052750925,61554.90245607494,4592759.555483059,11505923.563545696,268979.0626835065,0.05532569636645425,0.8137716735437698,0.0017479243469679996,0.6543485753799165,0.8507785057976543,0.9995106467652467,61193.0,4585530.025616443,11443078.025776234,267893.88015699433,0.05519683441811805,0.8140515842958103,0.0020000000949949026
115,0.3376249499949226,0.6548223863661597,0.8508075861760397,0.9720837063967596,62272.88316167218,4605536.053362539,11633314.065666215,271139.0819779093,0.0555991705741596,0.8132257590746342,0.0014330530558009417,0.6546794261855798,0.8507992835115626,0.9994906737833914,61906.0,4599411.062428219,11569363.170037251,270059.6990841997,0.055459716573084204,0.8135163380067246,0.0020000000949949026
116,0.3332077625824853,0.6551904554479736,0.850828847108663,0.9738779846184206,63002.08211772382,4618165.965698839,11760851.153329916,273287.88302185765,0.055870483570072044,0.8126558389896815,0.0015673975416683247,0.6549948675878131,0.8508356244535412,0.9993408689786439,62622.0,4612268.647721485,11696659.681647042,272234.6021811427,0.05573429793264229,0.8129880318041063,0.0020000000949949026
117,0.35084320694456766,0.6553300059496726,0.8508562428862261,0.9655124205336709,63674.41683366733,4634845.822295754,11884338.296733001,275493.54830591416,0.05610479526845036,0.8122631330722786,0.0015982493207006192,0.6554192997715881,0.850848988587437,0.9994806862983685,63368.0,4624993.168679031,11824087.509882055,274381.252988585,0.05600326948587473,0.8123809899063136,0.0020000000949949026
118,0.3176713570297534,0.655475883188433,0.8508857803975413,0.9725963613435508,64287.51130167311,4656775.709698467,12002575.409330288,277758.4538379084,0.05628869552615805,0.8120503543490726,0.0024838661445262308,0.6552920911965492,0.8508869039180296,0.9991710923825744,63966.0,4645899.413807912,11943370.715342902,276638.8023988575,0.05619835044043782,0.8121982630241756,0.0020000000949949026
119,0.3401100662084952,0.655854075787346,0.8509077132317662,0.9723400274588432,64957.01095213683,4673104.754998369,12126413.364030387,279966.95418744464,0.05652390641884768,0.8116776297797682,0.000960670213442317,0.6557364001855422,0.8509126519393967,0.9997103831317323,64590.0,4666555.861301695,12062874.38686321,278899.6833847659,0.056395092379547,0.8119588844389064,0.0020000000949949026
120,0.34132590322829626,0.6562066448447633,0.850918165325824,0.9742508279108882,65696.19988814839,4683157.999813581,12256527.119215174,282105.7652514331,0.05681586769989487,0.811110670370886,0.0005790703307302658,0.656047261163304,0.8509296493517368,0.9997802906516591,65312.0,4678401.946879588,12191189.24921353,281061.7354565519,0.05667175794235205,0.8114401559980862,0.0020000000949949026
121,0.3475897114852571,0.6564702709967756,0.8509279527685074,0.9711982131715466,66432.74935918348,4694163.118329682,12385689.000699073,284247.215780398,0.057095982638351035,0.8105604799400368,0.0008294748024629786,0.6563827023189149,0.8509235642943781,0.9997603164792704,66073.0,4687820.312490637,12321962.751026155,283153.8680328769,0.056961401818537184,0.8108015606689103,0.0020000000949949026
122,0.33266361230749864,0.6567810729736995,0.8509347612401027,0.9758586954741596,67169.31840425036,4704874.091252272,12515145.027776483,286388.6467353311,0.057377995431045395,0.8100192658292418,0.0009008267360641035,0.6565970587962086,0.8509542510693096,0.9995905404784676,66779.0,4699952.10116747,12449964.006831052,285359.823551148,0.05724007375369814,0.8103612241561796,0.0020000000949949026
123,0.33156636093271386,0.6571373083265117,0.8509398312572443,0.9735051472872508,67901.9964114275,4717397.5530130025,12642788.566015752,288533.96872815397,0.057638419376331254,0.8094976324678862,0.0015357624621845727,0.6569931063738138,0.8509362357510005,0.9994806869948305,67545.0,4710584.416434471,12579527.723532174,287442.79158302624,0.057511201516682084,0.8097253455483883,0.0020000000949949026
124,0.32418604591727596,0.6574215732805493,0.8509571557554555,0.9716409611175282,68542.32963601622,4733029.579251526,12767323.539777229,290771.63550356525,0.057878817933250316,0.8092413440234909,0.0015570148696384225,0.6573379237654849,0.8509596923654317,0.9994906725928582,68241.0,4723934.345856927,12706328.165892681,289641.4198000619,0.057771379301004844,0.8093195705428772,0.0020000000949949026
125,0.32440622902518745,0.6577539369245163,0.8509835154450095,0.9749265985530671,69184.98713706483,4753297.329402992,12887222.789625764,293006.97800251667,0.0580636786767725,0.8089828186090269,0.0016474305341346671,0.6576126218711191,0.8509950212552937,0.9994706978252029,68831.0,4744320.780287823,12826089.316894868,291948.83436697925,0.05796920974597232,0.8092155914416123,0.0020000000949949026
126,0.3268256001544253,0.658136147096494,0.8509838833009763,0.9759285988498557,69900.80649671436,4767736.315328331,13012950.803700425,295169.1586428671,0.05830035015861497,0.8085279486111239,0.0014495360155377761,0.6579474800886491,0.8509963969552106,0.9995406071309295,69517.0,4760839.9455713015,12949762.55832859,294115.4276497788,0.058183538183304864,0.8088257184500648,0.0020000000949949026
127,0.3360315370038565,0.6585542408785661,0.8509808673176177,0.9754625514518427,70664.71780770844,4777584.845737987,13143269.273290768,297283.24733187305,0.058579502711544364,0.8079494702747674,0.0007358969450215375,0.658370061840807,0.8509861987666284,0.9997503302859762,70265.0,4773279.555252619,13077502.741888126,296232.6344089243,0.058434107684313244,0.8082793274567573,0.0020000000949949026
128,0.33839849193014937,0.6588264849060718,0.8509851371124717,0.9722934249324445,71400.9112177844,4789332.5394976,13271688.579531156,299425.0539217971,0.05884050626508947,0.8074546502977324,0.001102732997851957,0.6587742404792689,0.8509962652953238,0.9996504618051,71050.0,4781929.576225145,13208987.882623764,298357.472700762,0.058728425601588384,0.807664499796814,0.0020000000949949026
129,0.3358919733156333,0.6591152519705734,0.850989661326406,0.975229529730676,72131.01146479005,4802595.483059142,13398592.635969613,301572.95367479144,0.05908366101528528,0.8069838514342226,0.0009099767020620326,0.6589684814446563,0.8510077384563721,0.9996804227660495,71736.0,4797108.615703428,13333979.418461815,300545.8973844264,0.05895763704972779,0.8073068555648767,0.0020000000949949026
130,0.33330732774838945,0.6594818621428008,0.8509813654859996,0.9751363228472658,72890.0061984434,4810989.744232652,13530365.374796104,303691.9589411381,0.059376512541925996,0.806443464688232,0.0008985548445071196,0.6593260423005705,0.8509992374902723,0.999660448593661,72509.0,4806604.534859334,13464654.074622246,302647.3220680908,0.05923511928448152,0.8067227865678367,0.0020000000949949026
131,0.32980272788484116,0.6598148698680536,0.8509825651569103,0.9729691922550749,73605.22817728481,4824202.33564804,13657319.783380715,305854.7369622967,0.05962014580658949,0.8060266057059489,0.0015907606353913583,0.6596946661877412,0.8509931910139309,0.9995306197471019,73259.0,4817144.108497867,13594279.054189013,304777.76886278973,0.05950452606071087,0.8062115210677301,0.0020000000949949026
132,0.33638556931821856,0.6600746483384338,0.8509987949624991,0.9715477496534191,74301.90245607494,4839224.50202731,13782464.617001444,308036.0626835065,0.05984466305164815,0.8056645939333128,0.001365625056084741,0.6599665060366303,0.8509932124691267,0.9995306203423686,73933.0,4832571.530954449,13719043.51912994,306956.8814652805,0.059724670586027186,0.8058935882388475,0.0020000000949949026
133,0.3360946309745948,0.6603658764800238,0.8510130701013062,0.9742042219538266,75049.31038821829,4847606.841496947,13914249.277531808,310166.6547513632,0.060135765205090425,0.8051762942494021,0.0006646467395078684,0.6602150924272616,0.8510172755793164,0.9998102510173419,74653.0,4844166.2901798645,13847606.102555651,309124.53881415346,0.05998581819097656,0.8054780111024423,0.0020000000949949026
134,0.33570796842426626,0.6607376694618147,0.8510151180737882,0.975509158670055,75826.26904972736,4853438.134035513,14048584.984993242,312267.6960898541,0.06045015111701705,0.8046190691898736,0.0005271684133034681,0.6605704999858407,0.8510305111016858,0.9998601849601466,75429.0,4850593.059012693,13981332.94126694,311239.93127003626,0.06029636733171947,0.8049257079684039,0.0020000000949949026
135,0.3237680396851686,0.6610564101485141,0.851017178152205,0.9742042250622572,76569.65088316167,4864261.21811064,14177928.900918115,314402.31425641984,0.06071109430391435,0.8041558863732545,0.0016482679263815241,0.6609271995022247,0.8510173922051486,0.9994207650729314,76215.0,4857243.708891353,14114864.801070597,313316.4215877201,0.06059618500007843,0.8043414181089841,0.0020000000949949026
136,0.32466377118385287,0.6613706315686564,0.8510205424603631,0.9762315324830971,77277.30185953302,4880593.345062218,14301763.773966538,316572.66328004847,0.060912556878393545,0.8037902507704424,0.0020041587687954217,0.661241549121136,0.8510383593209991,0.9994107770938372,76907.0,4872527.961540382,14239721.512528587,315528.4574807003,0.060818191188093576,0.8040259570855715,0.0020000000949949026
137,0.34822538406311004,0.6616266352346871,0.8510285605809592,0.972596354721121,78016.77918627954,4891365.190334157,14431158.928694598,318711.18595330196,0.06117207640628782,0.8033496852372651,0.0006680624251563898,0.6615885905194862,0.8510334267153488,0.9998002636335143,77638.0,4886270.758256684,14366160.616292657,317660.55700032954,0.061042380505715484,0.8035961383922309,0.0020000000949949026
138,0.36125286032026055,0.661680679769192,0.8510439404488144,0.9695903430331946,78753.72731509531,4899776.267371953,14562914.851656802,320852.23782448616,0.061458547418488205,0.802921778861722,0.0004944468196504526,0.6617424731960279,0.8510518859180448,0.9999001321143904,78383.0,4895365.1615683455,14497221.208706595,319805.5612747301,0.061322135879899424,0.8031506447410559,0.0020000000949949026
139,0.3541261958943701,0.6616459640845695,0.851060021635859,0.9697068550160354,79477.37050845877,4908122.048142797,14694736.070885958,323006.5946311227,0.06174701954736266,0.8025330609775697,0.0008405577819196877,0.6616746844753528,0.8510647344153022,0.9997203699202933,79111.0,4903860.698514946,14628904.246596958,321943.9864377665,0.061606556998421234,0.8027423595163273,0.0020000000949949026
140,0.30810577336509704,0.6618023616834151,0.8510736173228282,0.9746236676976905,80134.08659178823,4924488.542853148,14818536.576175608,325227.87854779325,0.06195152395097531,0.8023149202058526,0.0022451264181643235,0.6616591056298667,0.8510736517513742,0.9993608437462991,79827.0,4913528.092848369,14759406.528757328,324103.3099439734,0.0618797053858212,0.8023739147823928,0.0020000000949949026
141,0.32412870332946614,0.6621546756356195,0.8510798430400587,0.9756023721758948,80811.74059747402,4943457.790185021,14939734.328843733,327428.2245421075,0.06212015038321201,0.8020486686549383,0.001561047353432735,0.6619878189228806,0.8510887298365307,0.9994706984204695,80428.0,4936073.481748909,14877038.696028203,326369.75377255795,0.06201862836220033,0.8022895683716604,0.0018000000854954123
142,0.3335913960129327,0.6625258416672168,0.851084555215436,0.9751363176221022,81563.9455655497,4953750.945891784,15069608.173136972,329554.01957403176,0.062376490636174564,0.8016047622198915,0.00047134599382060157,0.6623939505425214,0.8510912627871956,0.9998601849601466,81174.0,4949057.814562922,15004210.177866993,328512.93911975314,0.062246960741052806,0.8018629451714793,0.0018000000854954123
143,0.3408189570519877,0.6628450580410384,0.8510958317992082,0.9745071557148497,82333.60931164655,4961027.487206972,15202498.631821783,331662.3558279349,0.062664234226604,0.8011248503931583,0.0001246861712142749,0.6627323475196762,0.8511025932169929,0.9999500660571953,81940.0,4957716.594591086,15135713.034864327,330630.3020942565,0.06252050949538787,0.8013910412219316,0.0018000000854954123
144,0.3458597838931411,0.6631118592758373,0.851106150991881,0.9740644057354712,83115.67120287086,4966492.1516521415,15337200.967376614,333758.29393671063,0.06297028781937748,0.800621825631347,2.5567237605642597e-05,0.6630082185428815,0.8511057511166824,1.0,82715.0,4963891.029810947,15269722.30775684,332716.5939818837,0.06281689902081178,0.8008934442881807,0.0018000000854954123
145,0.34930825254571246,0.6633323799082099,0.8511188674818666,0.973947892363698,83904.27706575942,4971015.546488325,15472844.57254043,335847.68807382206,0.0632855369803923,0.8001101060194088,1.638715954031691e-05,0.663260462390498,0.8511246017137477,1.0,83501.0,4968865.500214718,15404896.71109846,334826.7202364902,0.06313085133123084,0.8003929575098598,0.0018000000854954123
146,0.3503300848664778,0.6635302566951978,0.8511309497075406,0.9739944993791262,84694.4940578832,4975213.517406907,15608813.601621848,337935.47108169826,0.06360361267508156,0.7996015450702985,6.085637140647976e-06,0.6634282238833612,0.8511231688831142,1.0,84289.0,4973142.047577674,15540825.383667396,336878.500304601,0.06344201170445499,0.7998678426734173,0.0018000000854954123
147,0.3493826008661932,0.6637297214597038,0.851141488962662,0.974157618377395,85497.62786037191,4979109.835578133,15745084.283450622,340010.3372792096,0.06392228945561255,0.7990695013606371,3.3946830873606865e-05,0.663633517916432,0.85114083411975,0.9999900132114391,85087.0,4977203.734148266,15676914.328539614,338974.86886179104,0.06376286122249869,0.799352013669889,0.0018000000854954123
148,0.35070928558585707,0.6639315885466799,0.8511504004779086,0.9741343162586134,86304.43943701356,4982640.894952696,15881720.224076059,342081.52570256795,0.06424401185063862,0.7985360304868282,4.525602869562461e-06,0.663835760700167,0.8511477196363376,1.0,85893.0,4980893.567516553,15813400.014011644,341038.35002147185,0.0640816620805182,0.798812713055972,0.0018000000854954123
149,0.3515714436773652,0.6641166410597505,0.8511591811196115,0.9739712019604917,87109.25702567927,4986481.389336813,16018046.729691941,344154.70811390225,0.06456165850168062,0.7980142933083318,4.3576054905000133e-05,0.6640319492095677,0.8511574521496065,0.9999900132114391,86701.0,4984516.548451529,15949940.307956576,343112.07514156454,0.06440238059443577,0.798281713061045,0.0018000000854954123
150,0.3498529051503225,0.6642995392858979,0.8511643355393969,0.9746003661122589,87918.33821130633,4989855.835531528,16154839.283497227,346223.62692827516,0.06488352168132482,0.7974896617336187,8.133025395727945e-06,0.6642183445694574,0.8511689613778611,1.0,87504.0,4988230.766995236,16086383.192377985,345196.97217644885,0.06472326886999333,0.7977722432673113,0.0018000000854954123
151,0.3514975884334402,0.6644832192198641,0.8511662688610655,0.9743673435355097,88731.6391387426,4992887.911450809,16291974.207577946,348288.3260008389,0.06520816972944951,0.7969622779865881,2.634981110378807e-06,0.6643911461076484,0.8511636939621032,1.0,88319.0,4991390.201845583,16223410.861191839,347239.86851224897,0.06504286120184063,0.797227975103806,0.0018000000854954123
152,0.35275912875980703,0.664654180605447,0.8511687063651933,0.9741576202996775,89546.82555809293,4995818.816982803,16429210.302045953,350351.13958148856,0.06553310888426199,0.7964375102437209,4.450999228683142e-06,0.6645932138663213,0.8511764152496873,1.0,89133.0,4994345.728056246,16360592.254386753,349333.9491066703,0.06537327917997156,0.7967163838452167,0.0018000000854954123
153,0.35378561766809746,0.6648154787633483,0.8511710416855648,0.9742042273151056,90362.45071538426,4998703.32436967,16566492.794659086,352413.51442419726,0.06585793670398989,0.7959185700889468,2.500687776579752e-06,0.6647548707687461,0.8511767801481428,1.0,89948.0,4997273.989723463,16497836.865026815,351391.0767993928,0.06569695087706258,0.7961926384060077,0.0018000000854954123
154,0.35502774865317166,0.664962148649159,0.8511732215649562,0.9741343195698282,91178.49732022184,5001520.65134921,16703842.467679545,354475.4678193597,0.06618292109806662,0.7954053914840865,2.3082676718693037e-06,0.6649118953275422,0.8511806210139256,1.0,90765.0,5000120.718638583,16635152.242522296,353456.9703887907,0.06602255516224112,0.7956761308788611,0.0018000000854954123
155,0.3566532384184237,0.6650958020494764,0.8511757726031958,0.974017806198055,91995.42941697348,5004302.5308291,16841236.124155287,356536.535722608,0.0665075991950492,0.7948968263931797,2.486742972297553e-06,0.6650551003401218,0.851183766246936,1.0,91581.0,5002907.337827446,16772530.672439104,355522.30601911497,0.06634821040120305,0.7951678091723408,0.0016200001118704677
156,0.35677787652246584,0.6652189395731825,0.851178073005807,0.974017806198055,92813.49331220581,5007038.815211819,16978661.909679826,358596.4718273757,0.06683206251308203,0.7943922290765556,1.2790471187217642e-06,0.6651803783939878,0.8511870075803896,1.0,92397.0,5005677.95082442,16909925.504928544,357585.5843445087,0.06667311690715222,0.7946650480176629,0.0016200001118704677
157,0.3573385530539937,0.6653374105034945,0.8511804557443304,0.9740411097057691,93633.029267838,5009596.639558186,17116273.372978516,360654.9358717435,0.06715792231964877,0.7938907921839256,2.7160238982859914e-06,0.665299326756737,0.8511875885320657,1.0,93218.0,5008340.19177877,17047440.41377795,359639.01901509025,0.06699708051459949,0.7941554484659195,0.0016200001118704677
158,0.3588860243782502,0.6654411990794663,0.8511831351615912,0.9739945054682058,94452.00596541922,5012099.993102484,17253932.386260893,362713.9591741623,0.06748400291229786,0.7933968915967998,2.418655377098484e-06,0.6654165040767963,0.8511916489524275,1.0,94037.0,5010856.385804596,17185078.192407947,361702.0337557799,0.06732396820858642,0.793660100538261,0.0016200001118704677
159,0.3595627716843544,0.665533704518683,0.8511850736500883,0.9739945054682058,95272.28359043668,5014651.760823973,17391542.59122897,364771.6815491448,0.06780869491909114,0.7929063432063417,1.6436336016258316e-06,0.6654995785896147,0.8511899921199778,1.0,94856.0,5013371.282749598,17322739.22721235,363748.1805934226,0.0676473897802868,0.7931633566424516,0.0016200001118704677
160,0.36053126895394927,0.6656169357951826,0.8511862696569953,0.9739245977229284,96092.7962436501,5017161.66561029,17529187.209115908,366829.1688959314,0.06813331976614188,0.7924213868410427,2.3740936290510485e-06,0.6655944197150576,0.8511934828624186,1.0,95677.0,5015911.813584205,17460360.058523335,365811.7220241484,0.0679729520176151,0.7926771643236039,0.0016200001118704677
161,0.36075390835824384,0.6656897167721249,0.8511865187842431,0.9739712047383565,96913.07386866756,5019675.800158457,17666823.93074521,368886.89127091394,0.0684573820056395,0.7919429216457334,1.4365570562545637e-06,0.6656753856356616,0.8511970007531854,1.0,96497.0,5018416.5075650895,17597993.70588529,367877.01247365953,0.06829871559384208,0.792199507657639,0.0016200001118704677
162,0.36095290899987864,0.6657605777222596,0.8511856565266791,0.9740411110947015,97735.74763480449,5022099.647061565,17804560.33014867,370942.217504777,0.06878163152148929,0.7914652270995632,9.755944600050244e-07,0.6657392382121741,0.8511934473571441,1.0,97318.0,5020909.162517102,17735662.32533381,369925.7732670202,0.06862122367462675,0.7917186777757738,0.0016200001118704677
163,0.36141868587830706,0.6658314340111371,0.8511848361759832,0.9739945068571382,98557.49331220581,5024468.70443212,17942359.36598779,372998.4718273757,0.06910620522457694,0.7909953251113684,1.1533887621761595e-06,0.6657934319218075,0.8511857408636765,1.0,98141.0,5023296.32919875,17873466.421627667,371959.0716960781,0.06894186940521681,0.791233509392946,0.0016200001118704677
164,0.35816102533297783,0.6659201825632322,0.8511835360908162,0.974367340757645,99381.18637274549,5026693.035140048,18080299.035279863,375052.778766836,0.06943177175355457,0.7905270288012459,3.604303691757376e-06,0.6658978891519592,0.8511986898889702,1.0,98962.0,5025631.52178646,18011252.793800123,374060.104013742,0.06927433068842757,0.7907874749569026,0.0014580001588910818
165,0.3586079065195361,0.6660284795887557,0.8511819575913728,0.974367340757645,100205.67371953209,5028693.058442466,18218461.318916902,377106.2914200494,0.06975958022185372,0.7900627088740092,6.349320497914394e-07,0.6660065754742539,0.8511964144238704,1.0,99788.0,5027685.835395631,18149366.98690715,376109.507415286,0.06960097653480189,0.7903158948841998,0.0014580001588910818
166,0.35976456433566567,0.6661281514135562,0.8511802601076469,0.9742974344012999,101031.09516707834,5030721.046418418,18356596.72908608,379158.86997250316,0.07008637438268726,0.789602008493481,1.1935734362934271e-06,0.6660875142816527,0.8511848871114149,1.0,100613.0,5029692.419520428,18287545.828165103,378133.53536866704,0.06992337827492022,0.7898404652399397,0.0014580001588910818
167,0.3600190020832027,0.6662216223107916,0.8511797271465085,0.9742741322825182,101855.02325581395,5032694.38467633,18494785.878174953,381212.94188376755,0.0704136440084138,0.789149894868027,7.3331879635612e-07,0.666186113639748,0.8511859742867779,1.0,101437.0,5031708.244729404,18425693.940418053,380192.8583955019,0.07025124396953923,0.7893877597618819,0.0014580001588910818
168,0.3603861139767011,0.6663097962948895,0.8511789800953309,0.9742741322825182,102681.48529617375,5034649.46059561,18632982.84084448,383264.47984340775,0.07074023050302039,0.7886979216886388,1.4573723422046716e-06,0.6662778718375498,0.8511857156422286,1.0,102262.0,5033682.2850266155,18563868.42336539,382247.05682555854,0.07057827999244168,0.7889365479298748,0.0014580001588910818
169,0.3609725299255765,0.666394424304028,0.851177500240644,0.9741809210295268,103507.58251386494,5036628.045160088,18771173.760917183,385316.38262571656,0.07106608893003002,0.7882520105935779,5.296062641061632e-07,0.6663672475419038,0.8511855590144776,1.0,103090.0,5035649.124886399,18702059.33431205,384301.8205850336,0.07090502323388953,0.7884861024608184,0.0014580001588910818
170,0.3948715116941357,0.666332395524988,0.8511814041629266,0.9698233664738597,104322.3582513865,5038996.026797782,18908960.960432492,387379.606888195,0.07138827691533423,0.7878343397330865,9.181611101448156e-06,0.6664596513028144,0.8511882076522392,1.0,103914.0,5037620.135352688,18840243.09462604,386366.88608922315,0.0712329899211505,0.7880518211450855,0.0014580001588910818
171,0.28781116022925657,0.666171718547655,0.851186607478688,0.9718739809164125,104930.1850212052,5069727.738360442,19018392.706902176,389649.7801183763,0.07137260014512374,0.7878398617782758,0.007057807212113814,0.6661744922186118,0.8511880955688867,0.9980225932447988,104713.49066722594,5045709.292207208,18972314.85525961,388440.1023559137,0.07148131261974344,0.7876652725725246,0.0014580001588910818
172,0.2939518596467431,0.6663179679314055,0.8512131502350874,0.9752062241812313,105383.83725590716,5110811.995199702,19117462.397446055,392074.12788367434,0.07124883912723518,0.7881553754888966,0.005502066971622033,0.6662654005244564,0.8512188549080131,0.9981724027104841,105140.67043173443,5091316.798224326,19066869.89935185,390891.26214658795,0.0713017872981691,0.7880362015518115,0.0014580001588910818
173,0.343362349796513,0.6664650724363854,0.8512299892847595,0.969753464487096,105977.17681875378,5134663.099221699,19233770.92659738,394358.7883208277,0.07132523819875722,0.7881881053613173,0.0012372334292630241,0.6664746169236478,0.8512324780549281,0.9996604491889276,105628.0,5126506.535128981,19171834.5324425,393282.7914531963,0.07124956541079688,0.7882825124904389,0.001312200096435845
174,0.34326592946522566,0.6665880083843331,0.8512398663885846,0.973318727881365,106704.09339609451,5144338.8386540525,19364257.375588387,396509.87174348696,0.0715612163812793,0.7879549857426397,0.00026969161682995047,0.6665246314060301,0.8512427979374428,0.9999400792686343,106319.0,5140111.130239386,19298406.349761814,395454.341692383,0.07143880472801079,0.7881132197181723,0.001312200096435845
175,0.3461378337913931,0.6667526601611687,0.8512420765244795,0.9740644073271877,107474.50808593932,5151068.153656149,19497701.338211305,398617.4570536422,0.07182703424708155,0.7876385416250979,7.004954545900463e-05,0.666693744930413,0.8512499800712345,1.0,107076.0,5148013.538514546,19430656.033635937,397589.6729184768,0.07169455136157732,0.7878275744427914,0.001312200096435845
176,0.3504246993273109,0.6669032651869067,0.8512430042729838,0.973458540594055,108257.62860604931,5156531.065712821,19632397.218436874,400712.3365335322,0.07210631421476585,0.7873007175267596,1.6185279942570266e-05,0.6668531623432732,0.8512473686287093,1.0,107860.0,5153788.370364822,19565057.423155665,399673.3464461555,0.07196830387051475,0.7874816671970575,0.001312200096435845
177,0.3532833336850451,0.6670190243044987,0.8512441819848733,0.9732255213285207,109039.18385608426,5161762.505196439,19767340.922775783,402808.7812834972,0.07238810743617284,0.7869697413429185,1.6001604800422778e-05,0.6669925607298075,0.8512503614448851,1.0,108641.0,5159127.147996125,19699878.23832779,401777.3273012354,0.0722503339406396,0.7871527513746859,0.001312200096435845
178,0.3545846203897219,0.6671215525965503,0.8512456480863516,0.9733187306592297,109824.55068276088,5166639.925106026,19902634.537446987,404901.41445682064,0.07267314205806864,0.7866350686544029,9.420969190596066e-06,0.6670890853776708,0.8512476837015606,1.0,109424.0,5164220.9383208,19834972.76008429,403857.5566507875,0.07253084576063185,0.7868145926911041,0.001312200096435845
179,0.3553993321145109,0.6672166569393946,0.8512456505364283,0.9734352431754205,110615.73309409517,5171170.523185907,20038291.269608986,406988.23204548634,0.07296103462990074,0.7862928798971279,5.319307501576662e-06,0.667186833478267,0.8512485842048741,1.0,110212.0,5168924.23418322,19970446.83552546,405948.22577423573,0.0728174705348566,0.7864768809932486,0.001312200096435845
180,0.3582767733863345,0.6673016877639281,0.8512453760361635,0.973202218676389,111404.98942070187,5175507.223004147,20174110.601109196,409076.9757188796,0.07325110723494861,0.78595817804381,7.655387945852614e-06,0.6672734280938631,0.8512453731443013,1.0,111005.0,5173369.579281142,20106185.668753933,408022.65961590316,0.07310408146451845,0.786128665238568,0.001312200096435845
181,0.35683130959059545,0.6673865745645059,0.8512444647326187,0.9735983593958246,112197.05531994221,5179537.307172485,20310238.000279628,411162.9098196393,0.07354408241146936,0.7856217866931273,5.87493899300219e-06,0.6673565927604107,0.851248024864949,1.0,111794.0,5177552.717619918,20242147.466219254,410122.25573498715,0.0733976396422261,0.7858006238343301,0.001312200096435845
182,0.3574146510515019,0.6674723589570879,0.8512419003745175,0.9736216615146063,112992.86689658386,5183437.716829007,20446509.198490005,413245.0982429976,0.07383750605655137,0.7852819534624124,3.724382588503969e-06,0.6674477654420319,0.8512480575891377,1.0,112588.0,5181499.396250911,20378362.04903576,412209.8210644056,0.07369166063194006,0.7854637886523281,0.001312200096435845
183,0.35770786141073646,0.667558889878609,0.8512390876808599,0.9736915678709513,113791.28433611408,5187180.036538193,20582940.54453092,415324.6808034674,0.07413196488614184,0.7849408980906385,3.5576148735017896e-06,0.6675555243269831,0.8512540586543723,1.0,113385.0,5185326.492764479,20514677.410392385,414322.1600103864,0.07399072442269425,0.7851362548367237,0.001312200096435845
184,0.34200633462757524,0.6677204550309845,0.8512302931192764,0.9760684150765447,114605.67171552408,5190782.266206833,20719517.926737197,417388.2934240574,0.07442503541356593,0.7845735178526235,0.0001309465502929582,0.6676313045934892,0.851246834184026,0.9999900132114391,114184.0,5189019.277496479,20651178.5821374,416388.5465340404,0.07428334598211196,0.7847907261103366,0.001180980121716857
185,0.32102561251183903,0.667903672683804,0.8512162064002601,0.9762315352609618,115354.54839912383,5200696.294169735,20849773.828867037,419517.41674045764,0.07464439328347569,0.7843325254012339,0.0020438556634436804,0.6678279613134437,0.8512268286714436,0.9993808161328878,115014.0,5193532.008548801,20786850.430675816,418423.06419590337,0.07455920513436085,0.7843904361429268,0.001180980121716857
186,0.3267019376059406,0.6680212542112572,0.8512270039579167,0.9711283056290534,115992.6065153563,5223956.762781377,20966674.227711238,421757.3586242252,0.07470399625805987,0.7843002094667789,0.002408611459557054,0.6679898356649894,0.8512168942484898,0.9992310154950067,115685.0,5212157.160469784,20908400.787128862,420620.1571741019,0.0746736383918431,0.7842923360968773,0.001180980121716857
187,0.34716574178302245,0.6681203006803587,0.8512431770367286,0.9717341634952417,116662.5794845505,5238865.438970965,21091939.122803748,423965.385655031,0.07486810195667966,0.7842092583845828,0.00037462436363012243,0.6680967746445405,0.8512430693617717,0.9998901453258295,116294.0,5233200.269097482,21027523.818797376,422892.46284367476,0.0747675650460405,0.7843155630211242,0.001180980121716857
188,0.34479743862838785,0.6682401157777741,0.851249204644976,0.9740877064569868,117413.28508179149,5246908.799972037,21224064.06273011,426092.68005779,0.07510886190425885,0.7839707014483697,6.148635478787504e-05,0.6681955582180197,0.8512586533485759,0.9999900132114391,117024.0,5243427.683075172,21157449.79788477,425053.82533880614,0.07498545729271146,0.7841193144165791,0.001180980121716857
189,0.34954766092803985,0.6683587340043665,0.8512472837959203,0.9737148705147495,118187.35098103184,5253291.662860605,21357844.87561169,428196.61415854964,0.07536698052091123,0.7836919024322085,3.553883512319154e-05,0.6683283503090979,0.8512562233766601,0.9999900132114391,117794.0,5250158.140695688,21290889.46224446,427157.21138308814,0.07523927263163048,0.7838446261667747,0.001180980121716857
190,0.3512746210660951,0.6684634810798059,0.8512451975889073,0.9738080782537419,118964.24775131658,5258830.188749592,21492468.602041293,430297.7173882649,0.07563509269746713,0.7834108653042764,1.0275446982167876e-05,0.6684215330520168,0.8512490360545243,1.0,118570.0,5256139.3905583685,21425088.850106362,429240.87540322175,0.0754990401677406,0.7835564446000925,0.001180980121716857
191,0.35183611087309724,0.6685631859278631,0.8512423695725475,0.9740411063862207,119748.12923521461,5263721.598126486,21627755.02754346,432391.83590436686,0.07590997634133416,0.7831201063801615,8.483749222388979e-06,0.6685315267102349,0.8512498744500968,1.0,119352.0,5261327.193576415,21560056.766276177,431350.80715263006,0.07577289531686925,0.783273067178732,0.001180980121716857
192,0.351883134684914,0.6686666554132845,0.8512396459344571,0.9742974316151015,120535.7736869087,5268143.113249755,21763512.332012862,434482.19145267276,0.07618985458643887,0.7828255850881979,7.337229529362913e-06,0.6686452560851445,0.8512522285505161,1.0,120137.0,5265995.159131538,21695554.685761653,433462.72237369046,0.07605330694805276,0.782989185940943,0.001180980121716857
193,0.3534510801088145,0.6687671602530666,0.8512354051794017,0.9740411063862207,121327.47275947244,5272293.84364077,21899535.562287364,436568.49238010903,0.07647206586191281,0.7825268381277624,4.865607735056728e-06,0.6687333310217473,0.8512406094318713,1.0,120928.0,5270205.606495491,21831541.199149113,435522.2184038909,0.0763306852620851,0.7826793350652043,0.0010628821328282356
194,0.35513603140602584,0.6688584300035776,0.851231894091646,0.9738080796426744,122120.4940578832,5276376.892249616,22035626.41319849,438653.47108169826,0.07675435574262669,0.7822288014034625,4.773711024324968e-06,0.668850126313958,0.8512463019644494,1.0,121719.0,5274335.789096284,21967554.931200128,437643.84304561024,0.07661857529075042,0.7823968263825385,0.0010628821328282356
195,0.355542712261166,0.66894525180921,0.851227967474208,0.9739012908956659,122914.9307918162,5280329.933075453,22171843.61541688,440737.0343477653,0.07703755928563978,0.7819312928457065,3.1118451953341695e-06,0.6689297231569865,0.8512393374202614,1.0,122513.0,5278366.081423336,22103708.729104873,439714.96990941867,0.07689902819370528,0.7820935102452521,0.0010628821328282356
196,0.35677261243535646,0.6690267359726515,0.8512244305189755,0.9739012881178011,123711.39884420003,5284141.628885678,22308197.723167263,442818.56629538146,0.0773217471511515,0.7816332169646246,4.063831676391794e-06,0.6690139018793183,0.8512352306732727,1.0,123310.0,5282228.128132147,22240013.11837493,441793.972525991,0.07718242005251424,0.781792140565022,0.0010628821328282356
197,0.3570882105375095,0.6691034831599386,0.8512205763649184,0.9739711986409433,124505.517360302,5287872.872162931,22444642.33807149,444902.4477792795,0.07760681765021274,0.7813422909074969,2.762452221709606e-06,0.6690948397390526,0.8512326979101168,1.0,124105.0,5286005.10113751,22376399.641269937,443884.27296241926,0.07746819304287546,0.7815009245920738,0.0010628821328282356
198,0.35967403616949434,0.6691646995301982,0.8512163128341494,0.9736216613034886,125299.37554178124,5291536.205434124,22581135.92561868,446986.5895978002,0.07789227457248904,0.7810547355948398,8.475762102073876e-06,0.6691584568131973,0.8512241345576911,1.0,124898.0,5289665.106590367,22512931.0525212,445949.83842166763,0.07775099062466678,0.781205927729434,0.0010628821328282356
199,0.34490822358461865,0.6692723271903106,0.8512115068863905,0.9763247447944551,126106.16908235075,5295034.502446754,22717794.03402153,449057.79605723073,0.07817732953286913,0.7807475742291731,1.769337116430559e-05,0.6692132797309881,0.8512225740495047,0.9999900131102437,125693.0,5293448.359009697,22649290.632111933,448041.55700032954,0.07803574862698186,0.7809211239503696,0.0010628821328282356
200,0.31708334800042237,0.6693913273816452,0.8512102694726309,0.9738546901721015,126828.32814466141,5310698.541967656,22842306.13431514,451213.6369949201,0.07830971040061854,0.7805898444691559,0.0028780722452721916,0.6693424031913309,0.851214864941626,0.9991511199959858,126510.0,5299569.757547612,22783327.568025887,450115.22041126125,0.07828516797021635,0.7806025100435795,0.0010628821328282356
201,0.3344999327432711,0.6695604989778331,0.8512188719087519,0.9749032994066007,127523.01146479005,5324723.796569884,22968451.551475044,453396.95367479144,0.07846789251473542,0.7804810442667602,0.0008050828033823107,0.6695005313155619,0.8512260111608014,0.9997103831317323,127141.0,5319337.388191469,22903734.216536336,452356.0484964696,0.07837489538325625,0.7806009055088765,0.0010628821328282356
202,0.34474411846935044,0.669706409056511,0.8512190876266199,0.9739479008917429,128286.7005173137,5332096.338677355,23101243.801649813,455511.2646222678,0.07870458779680255,0.7802550941226523,0.00021300262674127043,0.6696523251323832,0.8512205026203824,0.9999600528457562,127901.0,5328741.72451089,23034529.598665748,454445.9852593103,0.07858051190597745,0.7803695560974337,0.0010628821328282356
203,0.34765336607355557,0.6698261454514612,0.8512179387850792,0.9743207345894656,129066.39884420003,5338022.359835951,23235477.998229016,457609.56629538146,0.07895766574237144,0.7800040629623753,4.187015231082869e-05,0.6697748634441174,0.8512220540049168,1.0,128669.0,5335344.767614425,23168082.479591735,456564.7238118065,0.0788279938969078,0.7801406263544364,0.0010628821328282356
204,0.34995494251588566,0.6699308876573037,0.8512154839137408,0.9742042247316913,129859.04930791816,5342506.202964067,23371157.180407327,459694.91583166335,0.07922767723085007,0.7797335132990534,1.6195575675657145e-05,0.6698963845469401,0.8512235095437823,1.0,129460.0,5340306.416434471,23303264.889514737,458664.20745822974,0.07909405603100798,0.779876228863726,0.0010000000474974513
205,0.3518125304289309,0.6700262547583784,0.8512130028915832,0.974087714137783,130650.79298131146,5346844.422193224,23506983.298690405,461781.17215827,0.07949921460601297,0.7794671259994425,7.883368876648857e-06,0.6699930464573398,0.8512200331919129,1.0,130253.0,5344711.917308326,23439023.912714344,460745.33253437997,0.0793641583821199,0.7796049194694479,0.0010000000474974513
206,0.35266942181935895,0.6701140445609981,0.8512096641953385,0.9740877127488506,131443.8588805518,5350928.28988209,23643065.70461854,463866.1062590297,0.07977343248562349,0.7792010951165512,5.55592827031019e-06,0.6700840991290378,0.8512187275435704,1.0,131045.0,5348922.362754791,23574977.12640441,462836.4358490378,0.07963791166884762,0.779341263597644,0.0010000000474974513
207,0.3517323425672047,0.6702055174873177,0.8512055677392473,0.9744372500863053,132243.78296127138,5354527.034254556,23779636.3390968,465944.1821783101,0.08005265675260474,0.7789261577963501,1.6632134221368076e-05,0.6701640650582227,0.8512116386380602,0.9999900132114391,131840.0,5352787.061279723,23711293.753522884,464907.41160080297,0.07991263968402666,0.7790687993443993,0.0010000000474974513
208,0.35282321460050253,0.6702959805347827,0.8512013727439585,0.9743673451188927,133048.03728387007,5358005.675956564,23916340.26993522,468017.92785571143,0.08033230968961046,0.7786466466467717,7.747390607885376e-06,0.6702668331621139,0.8512101875523843,1.0,132643.0,5356245.70044242,23847994.995475926,466994.58565279486,0.08019495561607774,0.7787945156110222,0.0010000000474974513
209,0.3545476031052287,0.6703748838673846,0.8511977678810433,0.9742042288984886,133852.20440881763,5361543.045532926,24052973.329822436,470091.76073076384,0.08061063146721191,0.778369942518451,6.864287526442151e-06,0.6703620681046614,0.8512109869151322,1.0,133448.0,5359765.531274031,23984640.31017367,469086.3011355125,0.08047660541007494,0.7785219430847268,0.0010000000474974513
210,0.35431548248450934,0.6704520940913977,0.8511945172403345,0.974460552205087,134657.06058628886,5364713.155753368,24189971.734259214,472164.9045532926,0.08089339911879379,0.7780947318480211,1.0599580641952215e-05,0.6704263300371189,0.8512030719146394,1.0,134250.0,5363163.147287054,24121422.219891943,471142.7966863409,0.08075385750644584,0.7782429390814798,0.0010000000474974513
211,0.3554387315291752,0.6705254222021446,0.8511908481726305,0.9744605535940194,135466.00997343526,5367920.907442792,24326942.238896396,474233.9551661462,0.08117449315232789,0.7778154080987572,3.163277777503292e-06,0.6705018196551598,0.851199188109297,1.0,135057.0,5366331.080254866,24258435.200966734,473212.85791612987,0.08103591280880777,0.7779651366567023,0.0010000000474974513
212,0.35920738961382503,0.6705832638666982,0.8511881755528048,0.9738313880533198,136274.36552174116,5371052.826536794,24463982.847741995,476303.5996178403,0.08145622814864721,0.7775396719979802,3.862014664329632e-06,0.6705713842699478,0.8511947670615179,1.0,135868.0,5369477.558408485,24395465.36197581,475276.8618409883,0.08131680877832775,0.7776826277472398,0.0010000000474974513
213,0.35772459429597214,0.6706390154380059,0.8511862178442612,0.974157616980129,137086.52062264064,5374315.652094888,24600889.30782495,478369.44451694086,0.08173503899885956,0.7772603416012858,1.7111073156105467e-05,0.6706083135193124,0.8511907750319366,0.9999900132114391,136673.0,5372740.405199189,24532384.98361147,477340.3642827895,0.08159550166352636,0.7774101784744756,0.0010000000474974513
214,0.35861826330227514,0.6707020728826001,0.8511833296704616,0.974157616980129,137900.56923148624,5377175.881856737,24738183.10537354,480433.39590809523,0.08201868257058624,0.776980549037337,3.0269263581435482e-06,0.670672410394448,0.8511875331085739,1.0,137489.0,5375745.285056576,24669545.40811537,479401.1458788986,0.08187686998033143,0.7771254406372646,0.0010000000474974513
215,0.36213092981571754,0.6707496879240471,0.8511803404184958,0.973691572562765,138710.92077177612,5380104.828261173,24875417.29076758,482501.04436780536,0.0823014643406659,0.7767093012049241,7.015808026831195e-06,0.6707485626799893,0.8511897463647373,1.0,138302.0,5378605.683354805,24806822.004713826,481487.35809090093,0.08216375962113012,0.7768562562282493,0.0010000000474974513
216,0.36136611835395555,0.6707927820405517,0.85117797757504,0.9739245957923123,139519.1750943748,5382980.844526262,25012708.65134921,484570.79004520667,0.08258483604936312,0.776443916714502,2.3594864448278222e-06,0.6707800217020822,0.8511853258419834,1.0,139111.0,5381541.4561424535,24944059.346536037,483548.3985179415,0.0824451679446161,0.7765855388772507,0.0010000000474974513
217,0.3615619801472722,0.6708390479258501,0.8511757610028324,0.9739245957923123,140332.86815491447,5385707.591695018,25150133.06128536,486635.096984667,0.08286898811792023,0.7761722953009429,1.886212384567497e-06,0.6708259577697872,0.8511828552853827,1.0,139920.0,5384348.6798693715,25081407.876581676,485616.5995645704,0.08272902725017747,0.7763198410354757,0.0010000000474974513
218,0.36242627991141957,0.6708814332507088,0.8511735604255704,0.9739245957923123,141146.75364682855,5388387.875332059,25287618.735051498,488699.21149275295,0.08315330459405765,0.7759028510500235,2.0930129248517776e-06,0.6708632442725977,0.8511772083079661,1.0,140736.0,5387050.415805295,25218880.335979868,487664.12852163665,0.08301067953253807,0.7760405877845586,0.0010000000474974513
219,0.3626391510958551,0.6709205218167476,0.8511713431811196,0.973947897911094,141962.2622920259,5390987.724239176,25425186.0279629,490761.70284755557,0.08343805019995615,0.7756332882898365,1.551816595563888e-06,0.6709174357220036,0.8511805075930089,1.0,141549.0,5389691.288811657,25356387.13353507,489752.64771149796,0.08329913084750167,0.7757821152036442,0.0010000000474974513
220,0.3630848052412009,0.6709587430611746,0.8511684579046329,0.973947897911094,142777.77694924735,5393518.973295428,25562818.147737335,492824.1881903342,0.08372331929759921,0.7753661654394082,1.5149219071129307e-06,0.6709510065317023,0.8511761871036247,1.0,142366.0,5392265.399846202,25493981.431484755,491804.70942065894,0.08358238804181545,0.775508208915753,0.0010000000474974513
221,0.36282922364672404,0.6709968789834848,0.8511655418327372,0.9740644112828671,143591.96136458963,5396006.426807103,25700499.590995945,494888.00377499184,0.08400897507297919,0.775103521732058,8.854071721081714e-07,0.6709837156500681,0.851171082668899,1.0,143180.0,5394778.515284977,25631642.09585443,493859.58137839433,0.08386650628702956,0.7752414104622564,0.0010000000474974513
222,0.36292022194428797,0.6710348581953307,0.8511626604841513,0.9741343176392122,144408.93605816283,5398431.501468052,25838247.341939695,496949.02908141864,0.08429464850307883,0.7748388922236176,1.0744954912963367e-06,0.6710309635610556,0.8511718297053273,1.0,143995.0,5397221.2643037625,25769359.280502543,495938.2907990532,0.08415489366961103,0.7749841712970528,0.0010000000474974513
223,0.35998765104841574,0.6710862700390383,0.8511587455448569,0.9745537599440794,145228.67171552408,5400645.802861537,25976214.918022092,499007.2934240574,0.08458248012439065,0.7745723461940348,2.2055742679081265e-06,0.6710454544370931,0.851159622938852,1.0,144813.0,5399580.969539903,25907214.45825968,497957.9136930621,0.0844348558231332,0.7747049393453718,0.0010000000474974513
224,0.3580474957713333,0.6711555609122157,0.8511540022490603,0.9750431113831566,146054.50659458453,5402515.116046046,26114514.70606329,501059.458544997,0.08487391040043711,0.7742987375765638,1.8140846006461665e-06,0.671123565929707,0.8511607636441635,1.0,145637.0,5401633.291438216,26045314.88895547,500037.27047567687,0.0847280781977542,0.7744418158657719,0.0010000000474974513
225,0.35917484996125143,0.6712255988199035,0.8511490018368767,0.9749032958926017,146881.6484131053,5404298.434263877,26252894.379829425,503110.3167264762,0.08516599047114266,0.774025537874679,7.669827054635308e-07,0.6711955765600376,0.8511552390422596,1.0,146464.0,5403413.139846801,26183695.940677714,502086.8623203603,0.08502020058226067,0.7741671044214026,0.0010000000474974513
226,0.3601583446645001,0.6712933215550732,0.8511449323232961,0.9747401782832653,147707.50659458453,5406071.962203477,26391289.0443212,505162.458544997,0.08545803086560542,0.7737567254074379,1.3465505395947675e-06,0.671265714146357,0.8511512970775799,1.0,147290.0,5405176.115598566,26322099.145998742,504141.3191019764,0.08531294174808521,0.7738977067116796,0.0010000000474974513
227,0.36115737320709335,0.6713527375272721,0.8511411240484539,0.9746935740457019,148534.3687840798,5407895.9927762505,26529620.128256515,507213.5963555017,0.08574880868267323,0.7734887315908394,9.587500443054827e-07,0.6713432514274992,0.851152199138111,1.0,148117.0,5406993.264094037,26460427.064445578,506212.87217744754,0.08560716417685148,0.7736354062673917,0.0010000000474974513
228,0.36179219696669207,0.6714046384474102,0.851137289264448,0.9745770620628611,149361.343477653,5409681.911590623,26667989.556974415,509264.6216619285,0.0860397405368576,0.773222911497884,9.755644656644302e-07,0.6713900361787702,0.8511456965988222,1.0,148943.0,5408801.887077928,26598782.36370355,508253.23741898115,0.0858963048993631,0.7733658433592684,0.0010000000474974513
229,0.3624090072676104,0.6714495624128979,0.8511334515831291,0.9745071557065161,150188.69301393486,5411499.975485856,26806343.988442,511315.27212564665,0.08632976983846576,0.7729588407597238,9.297863578519271e-07,0.6714291664015664,0.8511375730704698,1.0,149771.0,5410587.308445936,26737181.686950095,510284.3221979207,0.08618397549786014,0.7730930876956169,0.0010000000474974513
230,0.3696164070195974,0.6714727676842016,0.8511295611223793,0.9735284591202257,151012.79423964207,5413537.693386774,26944475.014214475,513369.17089993943,0.08661670989504552,0.7727019488519817,3.2967183304343538e-06,0.6714811770642234,0.8511376903356184,1.0,150598.0,5412472.987945791,26875444.340593822,512353.06894967594,0.08647561890314139,0.7728367634058448,0.0010000000474974513
231,0.367969988159894,0.6714848914306206,0.8511259757489634,0.9738546901721015,151834.1630703267,5415629.497180407,27082538.301626507,515425.8020692548,0.08690288273627435,0.7724513604111277,6.49169218500621e-07,0.6714713682056258,0.8511273250616407,1.0,151418.0,5414595.190300706,27013514.11111444,514381.3478842716,0.08675717917349915,0.7725769603980184,0.0010000000474974513
232,0.36740042143600954,0.6715030231318936,0.8511224859729865,0.9739012944096648,152657.9553525656,5417668.057184136,27220663.9393205,517480.0097870159,0.08718906539343563,0.7721993106800573,6.437783446040652e-07,0.6715136092335905,0.8511342781636131,1.0,152241.0,5416669.185417104,27151553.640810538,516483.5460546684,0.08705042696511313,0.772341074026689,0.0010000000474974513
233,0.36726356467424215,0.6715238013799534,0.8511191406459785,0.9740178050035732,153481.20967516428,5419602.423498159,27358905.94584518,519534.7554644172,0.08747647053194428,0.7719502166721246,1.606544232866812e-06,0.6715224916822747,0.8511272267390674,1.0,153064.0,5418659.5438575465,27289755.070377804,518522.33728815254,0.08733474575045251,0.7720857270290329,0.0010000000474974513
234,0.3663445286733682,0.6715492793141103,0.8511158852412315,0.9741809240018421,154306.74362678846,5421420.321759799,27497272.418418232,521587.22151279304,0.08776485944953176,0.7716998729083792,9.010967748476669e-07,0.6715507763687706,0.8511253139681506,1.0,153888.0,5420522.328769312,27428057.464881007,520582.74888895545,0.08762388100975566,0.7718387157347877,0.0010000000474974513
235,0.3664574784307404,0.6715774258346333,0.8511127242838875,0.974157620494128,155133.64640909727,5423137.708626555,27635724.5462087,523638.3187304842,0.0880541519388246,0.7714496338062452,4.5012585885535116e-07,0.6715752811846715,0.8511205599115409,1.0,154714.0,5422280.262176549,27566492.09715273,522627.7081123728,0.08791181417188877,0.7715863168589016,0.0010000000474974513
236,0.3663095418052515,0.671603431815886,0.851109342172394,0.9742275275032712,155963.76091718322,5424786.600876171,27774258.560749404,525686.2042223982,0.08834360217298906,0.7711967962949436,1.0164390758017642e-06,0.6716024301387133,0.8511175818472633,1.0,155543.0,5423978.001907501,27704962.816470426,524677.6269087496,0.0882010325121116,0.7713343239679655,0.0010000000474974513
237,0.3668077533912997,0.6716293764896627,0.8511055477868756,0.9742275275032712,156793.94733653354,5426377.280654332,27912831.39162045,527734.0178030479,0.08863354939876245,0.7709459780691144,4.084032099843258e-07,0.6716185632935261,0.8511097003090898,1.0,156374.0,5425587.99750327,27843549.968760923,526705.8914521976,0.08848787335927515,0.7710749272492704,0.0010000000474974513
238,0.3663938836304257,0.6716555932608511,0.8511013739089149,0.9742974338596163,157623.64640909727,5427958.790045206,28051408.06664492,529782.3187304842,0.08892335380721515,0.7706979749870193,5.50688215479194e-07,0.6716489481379033,0.8511078708469311,1.0,157204.0,5427167.671859863,27982124.233653914,528762.9895337109,0.08877922823657963,0.7708284561452222,0.0010000000474974513
239,0.36657740442051817,0.6716819386194007,0.8510969547871614,0.974320735978398,158453.343477653,5429536.22677914,28190005.849652793,531830.6216619285,0.08921286608776753,0.7704520347834289,3.47545839363181e-07,0.6716763724742022,0.8511032682922314,1.0,158033.0,5428752.702649529,28120705.013592195,530811.3104233454,0.08906880577959785,0.7705822508860687,0.0010000000474974513
240,0.3479340006138775,0.6717488178475937,0.8510931071138629,0.9759752107682153,159281.66971151606,5431399.583399357,28328307.69874633,533880.2954280655,0.08949794630241087,0.7702101167363801,0.00022385355205960524,0.6717125446128457,0.8511030383323914,0.9999201055903171,158863.0,5430328.976520758,28259277.88049655,532878.9646762741,0.08936111348623774,0.7703433998136026,0.0010000000474974513
241,0.31527319737603415,0.6717217554110274,0.8510807139395601,0.9718273817012287,159989.52807941465,5463716.65559025,28436160.789672367,536050.4370601668,0.08934522173250467,0.7701432421944451,0.00645437690754619,0.6717407118919242,0.8510875112370067,0.9979626766802996,159691.0,5443480.277486493,28386295.33722823,534924.2408644676,0.08947615689486216,0.7701013455357024,0.0010000000474974513
242,0.3374670817250113,0.6718203665248256,0.8510913995964894,0.9728526827278667,160639.39381087758,5480813.954513678,28559233.791676376,538278.5713287039,0.0894285289447161,0.7701599453815283,0.0008993261750667166,0.6717936309618453,0.8510945995520124,0.9997003963431714,160272.0,5474067.662432214,28495891.29742038,537213.5409513537,0.08936753623665467,0.7702144383800794,0.0010000000474974513
243,0.3437679027579907,0.6719135463268319,0.8510939545904084,0.9739012905734336,161380.0327632008,5490224.507340262,28689987.895325534,540415.9323763807,0.08961169910924258,0.7700471555263869,8.74275896130057e-05,0.6718689257550647,0.8510948844531783,0.9999900132114391,160989.0,5486260.1249662945,28623886.866025507,539352.4998252289,0.0895099628736537,0.7701277060209714,0.0010000000474974513
244,0.3475245826257799,0.6719970060882661,0.8510939569654827,0.9736915678709513,162154.32567460503,5496698.932469591,28823673.116651908,542519.6394649765,0.08983275542436667,0.7698875207094753,2.0244954697144193e-05,0.6719770108586398,0.8511017677268012,1.0,161759.0,5493604.41627468,28756677.039478283,541490.7601841588,0.08972363008276608,0.7699834220846152,0.0010000000474974513
245,0.3499299465329359,0.6720666263439828,0.8510934619083095,0.9736449622444556,162933.81302139163,5502325.484177657,28958210.891177703,544618.1521181898,0.09006502933217911,0.7697218509813099,1.738371098619308e-05,0.6720457901423054,0.851099139050116,1.0,162538.0,5499573.169448023,28890879.57152131,543577.4762760784,0.08994933292663326,0.7698137070760237,0.0010000000474974513
