,val_loss,val_auprc,loss,auprc,lr
0,0.11322551767786529,0.024365659136513357,0.43822818317680623,0.027799595360656636,0.0020000000949949026
1,0.06566846715158031,0.031077148061337195,0.12756081439862826,0.027342707128653367,0.0020000000949949026
2,0.05648789119882357,0.03978849322404337,0.09010548668741256,0.035407935812228855,0.0020000000949949026
3,0.05715781351652228,0.049399273739750095,0.07579869884650653,0.04457757975864175,0.0020000000949949026
4,0.055252375574836435,0.058331780947353494,0.07104247978290999,0.05400222757866581,0.0020000000949949026
5,0.053602631981513424,0.06692759432263162,0.06597225768504958,0.06261003362047031,0.0020000000949949026
6,0.05366500832736775,0.07508567711872233,0.061845371922859244,0.07095283912230936,0.0020000000949949026
7,0.05346143226864106,0.08284673477917916,0.05974453363293889,0.07888187319448721,0.0020000000949949026
8,0.05163196738160565,0.09031966728455344,0.05854375751049717,0.08673236420886572,0.0020000000949949026
9,0.05050767832267334,0.0975596305360117,0.05600713273422885,0.09388356685765088,0.0020000000949949026
10,0.04861071313628512,0.10464341855761009,0.05477822682134839,0.10126277753677312,0.0020000000949949026
11,0.04831400133131081,0.11163518182443767,0.05304072353340824,0.10810874426672919,0.0020000000949949026
12,0.047737239829941124,0.11866856318332489,0.05145545632742742,0.11514634025654201,0.0020000000949949026
13,0.047381766543455585,0.12551043104787346,0.05183880714485927,0.12204769391585986,0.0020000000949949026
14,0.04591068372015176,0.13218601855994558,0.05119070765874698,0.12879662242315065,0.0020000000949949026
15,0.04476524403790766,0.13873245829423556,0.05060009802657173,0.1356603045905757,0.0020000000949949026
16,0.049104186938099065,0.14502028422141852,0.05014890604408103,0.14195037270684413,0.0020000000949949026
17,0.046107894855692076,0.15080458831710922,0.05069746504830199,0.1477021275277459,0.0020000000949949026
18,0.04867423088974394,0.15656583803676669,0.04826564137162703,0.15373553127519674,0.0020000000949949026
19,0.04692019138139381,0.16223783258647054,0.048648497389426164,0.15942654862145203,0.0020000000949949026
20,0.0451117399051283,0.16782614983363806,0.047434401756480594,0.1651049153638592,0.0020000000949949026
21,0.046072293372612975,0.17325215828806811,0.0464527498200781,0.17046487099101787,0.0020000000949949026
22,0.04668673476803116,0.17836352976551306,0.046122227934267346,0.17588213569439975,0.0020000000949949026
23,0.045464996818326685,0.1833107236297349,0.045752529816746386,0.1809387569998714,0.0020000000949949026
24,0.045610492611299375,0.18795629359658236,0.04644553554554532,0.1856823431833652,0.0020000000949949026
25,0.04563681603908489,0.19228292368047367,0.04683173190983109,0.1900742861520821,0.0020000000949949026
26,0.04675008374322583,0.1965704047682282,0.04547960005435775,0.19439604079817807,0.0020000000949949026
27,0.047342226863322096,0.20064972723782692,0.04540025103880533,0.1986514599790337,0.0020000000949949026
28,0.04779369457915562,0.20459038506659868,0.04523699253498903,0.2025940490846822,0.0020000000949949026
29,0.047031666371910946,0.20836149565302636,0.04567325443781928,0.20652292331465222,0.0020000000949949026
30,0.048449938050399155,0.2120207706825305,0.045827589793989376,0.210258436076739,0.0020000000949949026
31,0.04888093234732534,0.21546870589982448,0.04476281343509562,0.21380041972812525,0.0020000000949949026
32,0.04753364091997713,0.2187935187534727,0.045132781598111245,0.21714793776083333,0.0020000000949949026
33,0.0498493032406551,0.22196951346028843,0.04529006786903485,0.22038327850179745,0.0020000000949949026
34,0.04737889081927706,0.22511486801375927,0.044406494229090446,0.2235073745154797,0.0020000000949949026
35,0.048918291069362775,0.22811169121492544,0.04522888687422386,0.22661488419722448,0.0020000000949949026
36,0.04864934477227769,0.23110854129889352,0.04414788982952115,0.2296083013776872,0.0020000000949949026
37,0.0496413054054534,0.2339801280434698,0.044246929703159396,0.2325381119026741,0.0020000000949949026
38,0.0528419653570163,0.2367635985167888,0.04392926389871338,0.23539294797846078,0.0020000000949949026
39,0.04952993342419375,0.23939568429310354,0.044611468842817956,0.23803745525433725,0.0020000000949949026
40,0.05012312105074379,0.24204249005963374,0.043419043316963266,0.2407162772214173,0.0020000000949949026
41,0.05083645998513959,0.24473318080535925,0.04230671453582043,0.24339449563400867,0.0020000000949949026
42,0.04777384967913007,0.24715182492005414,0.04435180911687714,0.2458892903747199,0.0020000000949949026
43,0.05019001189943038,0.24973460124511312,0.042485438269048596,0.24847038142315386,0.0020000000949949026
44,0.052861860811787925,0.25230877279687697,0.043328131493160525,0.25098136023108775,0.0020000000949949026
45,0.05357074886531667,0.2549197683737667,0.042435161622969585,0.2535834449523629,0.0020000000949949026
46,0.05167793776469768,0.25750109902132,0.041928540960821166,0.2561484976650688,0.0020000000949949026
47,0.05236433639570778,0.2600837130317532,0.042025683589695266,0.258839007733788,0.0020000000949949026
48,0.05220709404478685,0.26272386155943683,0.041414809752818006,0.26139389083199666,0.0020000000949949026
49,0.05199971907209275,0.26514659524678186,0.042450569128239996,0.2640036321663117,0.0020000000949949026
50,0.0544668148967827,0.267672208443787,0.04118079279150825,0.26637379168314573,0.0020000000949949026
51,0.05313837974804854,0.2701236577609687,0.041633322229464725,0.2686948811055336,0.0020000000949949026
52,0.05148050096351885,0.2727024633893477,0.04096640161971923,0.27134619248786823,0.0020000000949949026
53,0.05078860502490804,0.27512533611253226,0.04120084383506797,0.2739123421656022,0.0020000000949949026
54,0.05169227991399819,0.2776620205479133,0.04012276215740305,0.2764991601089259,0.0020000000949949026
55,0.054334092311978686,0.28003334603267727,0.04180842931088287,0.2788141418221917,0.0020000000949949026
56,0.05133180379605315,0.28246207077250357,0.04069394523177985,0.2812486607970578,0.0020000000949949026
57,0.05188946747001288,0.28497717429688285,0.040439099694395096,0.2836463139356833,0.0020000000949949026
58,0.049770850111991824,0.28738393996298517,0.040444640372515765,0.2861978829400428,0.0020000000949949026
59,0.05187157552369624,0.2899686337374441,0.03986064160862401,0.2886648284085564,0.0020000000949949026
60,0.0482634391739118,0.29246724658986634,0.04074733040186212,0.2912251869398264,0.0020000000949949026
61,0.049959233557430004,0.2948873040977057,0.04021416703350676,0.2936439927236344,0.0020000000949949026
62,0.04957337686061345,0.2973346419383933,0.04037886610251772,0.2961349324391807,0.0020000000949949026
63,0.05127218098018347,0.2997527751102166,0.03977162547983559,0.29854622817036053,0.0020000000949949026
64,0.04846966422973302,0.3019179084747643,0.04078814064650656,0.3007763387080982,0.0020000000949949026
65,0.04969852062741772,0.3043017945878635,0.0400547202925929,0.30304483043940733,0.0020000000949949026
66,0.053529610103352485,0.3066537171834382,0.03970787449973404,0.3054333917181249,0.0020000000949949026
67,0.04941614307073404,0.3088183915791265,0.040480409408792446,0.3077684472958001,0.0020000000949949026
68,0.05150944493687297,0.31096557981481754,0.039719105405668274,0.30998665121658936,0.0020000000949949026
69,0.04994949759685334,0.3132180759524404,0.03941741879448925,0.31209273561981626,0.0020000000949949026
70,0.05123377798553026,0.3153661120097414,0.03937046206743575,0.3143640246607261,0.0020000000949949026
71,0.053389212496465194,0.3173048381905892,0.03989083763095267,0.3163137774342091,0.0020000000949949026
72,0.05241831868596963,0.319203570119059,0.03949702623050333,0.31828777031751826,0.0020000000949949026
73,0.05287830296672689,0.3212441036937859,0.038843706737756195,0.320238890406353,0.0020000000949949026
74,0.0493483101096699,0.32321534467262497,0.03945328168078159,0.3221410224527851,0.0020000000949949026
75,0.05039402008068784,0.3253136804081471,0.03864159093731776,0.32432202983761305,0.0020000000949949026
76,0.04929279307377346,0.3273647833672831,0.03875446530794369,0.32630307608670023,0.0020000000949949026
77,0.051397372445566546,0.329364645652531,0.038526521800587854,0.3284747470111352,0.0020000000949949026
78,0.0479882712265695,0.3313262454521068,0.03897416446286161,0.33036722501990723,0.0020000000949949026
79,0.05112225376769282,0.3333613056014678,0.03884331339836853,0.33235306006239484,0.0020000000949949026
80,0.05275076626130429,0.33531768636382553,0.038613206833446885,0.3343554347390078,0.0020000000949949026
81,0.05281912777673673,0.3374129412820388,0.038232531611696104,0.3363642033658684,0.0020000000949949026
82,0.05426184428297753,0.3395970246083298,0.03721647724921879,0.3385226113301999,0.0020000000949949026
83,0.05020449799842303,0.3415557758427676,0.037923392766343836,0.34057097203727543,0.0020000000949949026
84,0.05087070013641398,0.3433144044585635,0.03806057480006611,0.34245084016182104,0.0020000000949949026
85,0.0530757526289423,0.3450639601450898,0.0384078325308814,0.3441912047168548,0.0020000000949949026
86,0.04885631218700002,0.34680760195447174,0.03834995065579612,0.3459820147509375,0.0020000000949949026
87,0.05321287135688126,0.3485334931268458,0.03800675127025395,0.3477006668029462,0.0020000000949949026
88,0.052048003275716626,0.35028224614463166,0.0373951074862051,0.34934198284726714,0.0020000000949949026
89,0.050510189242130965,0.35183133027475944,0.03879499108720397,0.35101769680371914,0.0020000000949949026
90,0.05207453863340357,0.35334159089510897,0.0382705997096796,0.35262717914006925,0.0020000000949949026
91,0.05097706974831285,0.3549222578206223,0.03777671456673056,0.35411705611034316,0.0020000000949949026
92,0.055739713253615125,0.35637518152853487,0.037815939555627356,0.3556993615909448,0.0020000000949949026
93,0.05058828855525112,0.3566939730129486,0.045581724600935285,0.3563782036481733,0.0020000000949949026
94,0.04721735969641491,0.35758740434823744,0.04004496918736543,0.35713473213286856,0.0020000000949949026
95,0.05013732898615298,0.35880117243055765,0.0382583016420422,0.35819027150317656,0.0020000000949949026
96,0.049371909821479654,0.36013908714311954,0.037629905163477695,0.35949323218762,0.0020000000949949026
97,0.049245170647311945,0.3615696208370358,0.037696610412569796,0.36088012121616553,0.0020000000949949026
98,0.05365561460321659,0.3628710580664955,0.037923416807130274,0.36218190684143875,0.0020000000949949026
99,0.04987287479148418,0.3642773545202629,0.03770454446368719,0.3635190995467855,0.0020000000949949026
100,0.04813728218484007,0.36582655820490384,0.03684406107551205,0.3650349838688538,0.0020000000949949026
101,0.04809701923175257,0.3672934119242357,0.03735483152979968,0.366565844582997,0.0020000000949949026
102,0.048698985024335485,0.36876081287658496,0.03700148482751928,0.3680851140797534,0.0020000000949949026
103,0.049472058503883955,0.37020208491806694,0.037111624444434,0.36946358461942574,0.0020000000949949026
104,0.04861719589483152,0.37145498784235526,0.0375720497122328,0.37081651288815887,0.0020000000949949026
105,0.047425824050389594,0.3727618629450995,0.03727248567134016,0.37210355549500107,0.0020000000949949026
106,0.04737986805745029,0.3741155862748706,0.037331357173945666,0.3733955999899346,0.0020000000949949026
107,0.05060099819389292,0.3753971254632743,0.03698560740362054,0.37467893490207477,0.0020000000949949026
108,0.049110603200577516,0.37666739976070396,0.0370337772290445,0.37610858810935194,0.0020000000949949026
109,0.05352986239741158,0.3781184732425896,0.036123332268497024,0.37739893994931184,0.0020000000949949026
110,0.05388208681796526,0.3793935498506551,0.03633833165925741,0.3787033559022864,0.0020000000949949026
111,0.0508346078623765,0.38068698724872796,0.03631691202053043,0.3800664750972677,0.0020000000949949026
112,0.054187947542245075,0.38189110289035216,0.037237710073733804,0.3813381985378711,0.0020000000949949026
113,0.05271319367685026,0.383263707309753,0.03552869871338395,0.3825452644965572,0.0020000000949949026
114,0.05597772301988271,0.3844807526951948,0.03640655990829841,0.3838429934211218,0.0020000000949949026
115,0.050623973595663736,0.3855974912429156,0.03656029949990713,0.3850931222408625,0.0020000000949949026
116,0.051516344583436506,0.38667011101469206,0.0366233929192486,0.38613628995834315,0.0020000000949949026
117,0.055322588338353525,0.3877913342435036,0.0359514153440631,0.3872276704738935,0.0020000000949949026
118,0.05488457069337405,0.38873851453446095,0.0372485911972028,0.3882962128567005,0.0020000000949949026
119,0.052816055512025714,0.3896279556798392,0.036524101231625514,0.38915597805547797,0.0020000000949949026
120,0.052736275096752556,0.3907144715596941,0.03602757296517222,0.39014195224675197,0.0020000000949949026
121,0.050657524851256644,0.3917035350119589,0.03605843109256781,0.39121299667833137,0.0020000000949949026
122,0.0519453876302967,0.39262122141998257,0.036272638876827426,0.39215854614457496,0.0020000000949949026
123,0.05061392907615506,0.3934117981255209,0.036566322439090776,0.3929529119811389,0.0020000000949949026
124,0.0529792233391324,0.39447358669052823,0.03556948823577298,0.3939163414200979,0.0020000000949949026
125,0.04933057899706376,0.39547045211342485,0.03615745797976086,0.3949838780584412,0.0020000000949949026
126,0.05341244646453523,0.3965326267098723,0.03502952744512657,0.39595174534982747,0.0020000000949949026
127,0.05237282574700762,0.3975904442151197,0.03488203653412396,0.39705640066942177,0.0020000000949949026
128,0.05017382840660399,0.3985787027070735,0.03570778342279609,0.3980769195743239,0.0020000000949949026
129,0.05292162695605347,0.399482135283916,0.0354281775380529,0.39898881497114796,0.0020000000949949026
130,0.053160518058511796,0.4004420144831275,0.03595150075429153,0.3999700105713323,0.0020000000949949026
131,0.054764671970045885,0.4012947625592009,0.03637321448300597,0.40088199152172566,0.0020000000949949026
132,0.05343732764299979,0.4018825732330755,0.03691982599911511,0.4016196301309321,0.0020000000949949026
133,0.05406266941686096,0.4025990546690101,0.03569697675881342,0.4022641788392984,0.0020000000949949026
134,0.05300095328203648,0.4032426059234159,0.0359765166308127,0.4028950560447047,0.0020000000949949026
135,0.050364600085687286,0.4039636037236372,0.035434469510540446,0.4036275950372725,0.0020000000949949026
136,0.05006415227672023,0.4046463150689529,0.03615410989263775,0.40432863803026364,0.0020000000949949026
137,0.05025790159091633,0.4054078365636486,0.03495375767974571,0.4050002943340815,0.0020000000949949026
138,0.05231590132020344,0.406106943281344,0.0358948562643678,0.40576396454814134,0.0020000000949949026
139,0.0504608365727804,0.4068875194357759,0.03500353423039485,0.4064839700967593,0.0020000000949949026
140,0.053698141506343146,0.4075398856183595,0.035435535084405646,0.40721534902341994,0.0020000000949949026
141,0.04973314257440201,0.4079935290938679,0.03706945864942177,0.40770652810306574,0.0020000000949949026
142,0.051493375174764044,0.40862862508359343,0.03581830015038122,0.4082438869823402,0.0020000000949949026
143,0.05699501400922046,0.4093890037392818,0.03423278977542198,0.40898928672850116,0.0020000000949949026
144,0.05172498963409908,0.41007032245248765,0.035855121805427895,0.4097187890166421,0.0020000000949949026
145,0.05431474924339746,0.4108012283553091,0.03555696520979628,0.410417683238279,0.0020000000949949026
146,0.0531293582305021,0.4115895347095712,0.034582061444401326,0.4111574054894038,0.0020000000949949026
147,0.053494545177649726,0.41230446667473114,0.03532949482478763,0.4119385807434054,0.0020000000949949026
148,0.056874895683624645,0.41320853598084023,0.03453191973064196,0.41275998307573164,0.0020000000949949026
149,0.053982157868508136,0.4140637776309772,0.03444889582015545,0.4136552708374657,0.0020000000949949026
150,0.05652945819814585,0.4148493144703597,0.03457883545004858,0.414456032452095,0.0020000000949949026
151,0.05535293020684888,0.41560055217581976,0.03447515404801347,0.4152789148748274,0.0020000000949949026
152,0.05493758683597336,0.41634120572963257,0.03433527807400368,0.41596344498061366,0.0020000000949949026
153,0.05503193790248303,0.41708000259935585,0.034345331322692164,0.41666914883564937,0.0020000000949949026
154,0.05253750379901926,0.4177147759061767,0.03523294997582918,0.4173918851027073,0.0020000000949949026
155,0.05457184561347272,0.4181480359145451,0.03696917817178877,0.4179370486019457,0.0020000000949949026
156,0.0527772205953014,0.4187624477473519,0.03473427518098498,0.4184646640832226,0.0020000000949949026
157,0.054520521882637944,0.41930265854117826,0.03502636886432023,0.4190696076259596,0.0020000000949949026
158,0.05495642083531761,0.41982887061217933,0.03527060294782014,0.41961809320595184,0.0020000000949949026
159,0.05463749294888897,0.42042852843833917,0.03470058712253382,0.4201207744862515,0.0020000000949949026
160,0.0562310436680837,0.42101865913997943,0.03440243690497935,0.4206646054939155,0.0020000000949949026
161,0.051088523126918944,0.42171796615880386,0.03467110265435972,0.4213175861039693,0.0020000000949949026
162,0.05511675941133605,0.422433086663681,0.03420102789891236,0.4221033339152947,0.0020000000949949026
163,0.055274078578551274,0.4230058276774713,0.034661613580976317,0.42273954230697686,0.0020000000949949026
164,0.05701888947881615,0.42316821168729446,0.03859553622922264,0.423074589032647,0.0020000000949949026
165,0.056838924230413555,0.42346158737976297,0.038643945162295065,0.42330420145325254,0.0020000000949949026
166,0.05776719003513421,0.4242525758299495,0.0370056920227868,0.4238466475870074,0.0020000000949949026
167,0.052787907094581525,0.4254418240887261,0.03535429771768382,0.4248053915755259,0.0020000000949949026
168,0.05044837012609207,0.42704377141997846,0.03359592255422232,0.4262284299751791,0.0020000000949949026
169,0.048498651271992446,0.42925835397397305,0.03398159839710526,0.42814777136485277,0.0020000000949949026
170,0.053369582908964056,0.4317636518378874,0.032113296701152476,0.43045172538479215,0.0020000000949949026
171,0.04893589480009427,0.4344329075742344,0.03191997710981778,0.43306466505988556,0.0020000000949949026
172,0.04798323444078621,0.4372297468443985,0.030744561396853963,0.43581183424421077,0.0020000000949949026
173,0.04992455526634694,0.440034477873098,0.030507652895036045,0.4386135943237522,0.0020000000949949026
174,0.05011133301346969,0.4426945961650222,0.0300064788214626,0.44134520654035875,0.0020000000949949026
175,0.049694026063870515,0.4453397194306389,0.03034031306811448,0.44400892623174576,0.0020000000949949026
176,0.0499404749924251,0.4481433066025165,0.029722571646480525,0.44682049588044764,0.0020000000949949026
177,0.047030447359370085,0.4507233089545494,0.029956835761043906,0.4495046170673346,0.0020000000949949026
178,0.04898650324906579,0.4532871445555732,0.030006698357209607,0.45204506636344505,0.0020000000949949026
179,0.045123807808027196,0.4556754704706917,0.030268344927947447,0.45446672297814333,0.0020000000949949026
180,0.04714126619335807,0.45822310255439025,0.02922551047400394,0.45695870837201524,0.0020000000949949026
181,0.048096407491677366,0.46062527731171093,0.029997226377740133,0.4594507492386787,0.0020000000949949026
182,0.04910496098752648,0.46302321129438523,0.029474891649172896,0.46186789518092264,0.0020000000949949026
183,0.04833747929694212,0.46548713671963493,0.02934063931597556,0.4642843070958388,0.0020000000949949026
184,0.04830359322803468,0.467949437849865,0.028893822433205464,0.4667388909081361,0.0020000000949949026
185,0.04969246946891838,0.47028738371574025,0.029748053499359765,0.4691493138350962,0.0020000000949949026
186,0.04415050808185161,0.47265125241778627,0.029521901662739842,0.47140611298633206,0.0020000000949949026
187,0.04567195861996412,0.47494251993046754,0.029988047004658618,0.47388576876552707,0.0020000000949949026
188,0.045656733131696096,0.47722473152507106,0.029601754612920327,0.4760685422394786,0.0020000000949949026
189,0.04964409960619139,0.47948873700770833,0.02971121401810018,0.4784297101297268,0.0020000000949949026
190,0.04951370851101468,0.4815310746615867,0.030258100360249316,0.48046316472856254,0.0020000000949949026
191,0.04688616562983873,0.48376815345726826,0.029613901225217447,0.48270643858636997,0.0020000000949949026
192,0.046205784971842016,0.48584087401039233,0.029492860980308667,0.48480735544640263,0.0020000000949949026
193,0.04404560510670385,0.4878804474646445,0.02967580308645796,0.48688319524896473,0.0020000000949949026
194,0.04491821328383385,0.490100367919923,0.0287298172701082,0.4890382341612356,0.0020000000949949026
195,0.04792345839382113,0.49223485344990014,0.028114762130331823,0.49119532067629923,0.0020000000949949026
196,0.05045516994939195,0.49423865296894476,0.028919670277305933,0.49321050138739503,0.0020000000949949026
197,0.04482336103142899,0.49642640477243904,0.027952235269068697,0.49536268673482087,0.0020000000949949026
198,0.04654345819318268,0.49843042346682165,0.028651046114392353,0.4974647730164616,0.0020000000949949026
199,0.04368281620759245,0.5004806358204265,0.02790225603527889,0.4993942373079386,0.0020000000949949026
200,0.04698212320164092,0.502405830371968,0.02890940161994907,0.5014785112186653,0.0020000000949949026
201,0.04519950122654812,0.5044524802260707,0.02781085288397752,0.5034482758582556,0.0020000000949949026
202,0.04572161766260409,0.5063940408059835,0.028385585263648105,0.5054325713677388,0.0020000000949949026
203,0.04624706491045156,0.5081728100538587,0.02935672685092147,0.5072861345739724,0.0020000000949949026
204,0.04560762516623218,0.5100711292079615,0.0283442677018631,0.5091630963756552,0.0020000000949949026
205,0.04540967137343177,0.5119019401080598,0.029202795248515732,0.5109526535887858,0.0020000000949949026
206,0.042401733205497096,0.5137167148231055,0.028691899291481065,0.5128172087587621,0.0020000000949949026
207,0.04427095599272596,0.5154939261957965,0.028184754928910646,0.5146294844723724,0.0020000000949949026
208,0.04581488353226042,0.5171997132643221,0.028660079097086916,0.5164016171353452,0.0020000000949949026
209,0.045058858150217006,0.5188376772944171,0.028899801455833166,0.5180251414928212,0.0020000000949949026
210,0.047159088540824165,0.5205727752892586,0.028445491887440447,0.5196995675859464,0.0020000000949949026
211,0.04475706525633915,0.5222584363560442,0.028919266571018693,0.5214019392483513,0.0020000000949949026
212,0.04372216485989466,0.5240227430671995,0.028240104341568602,0.5231732634530953,0.0020000000949949026
213,0.04349643949420004,0.52532110154474,0.031217598473180473,0.5246433440866177,0.0020000000949949026
214,0.04431097426327108,0.5268265354388103,0.028880329739798004,0.526037652758782,0.0020000000949949026
215,0.04664949238312457,0.5284839375709045,0.02774241574625475,0.5276269528206702,0.0020000000949949026
216,0.04452226273846541,0.5301203242028238,0.02771674520558957,0.5293650725561246,0.0020000000949949026
217,0.04668194131674695,0.5317517990525049,0.02832970461540407,0.5310446953809744,0.0020000000949949026
218,0.045125907126712564,0.533244837216091,0.028662822006916264,0.5324745584363918,0.0020000000949949026
219,0.04774370545228837,0.5348012063920867,0.02771522097107012,0.5340133443221282,0.0020000000949949026
220,0.046299576505676725,0.5362747856331176,0.028259220516620276,0.5355129366216435,0.0020000000949949026
221,0.046585298276365844,0.5378402230123905,0.027884110923995932,0.5370902758223681,0.0020000000949949026
222,0.045467561577027124,0.5393277135632437,0.028231074162979996,0.5385742947253025,0.0020000000949949026
223,0.05103951355981061,0.5407987813261995,0.028239321911262036,0.5401033732462143,0.0020000000949949026
224,0.04576873408558129,0.5421845001662018,0.02916008071258332,0.5415050158341456,0.0020000000949949026
225,0.04829019170674937,0.5436245029215949,0.02773259252082273,0.5429446342584925,0.0020000000949949026
226,0.049061228774372044,0.544964689253237,0.028512891312819887,0.5442829872281706,0.0020000000949949026
227,0.046281385606926025,0.5463723099015062,0.028561615774057577,0.5456655093660732,0.0020000000949949026
228,0.04444608932967711,0.5476941225508242,0.030455450996529524,0.5470528750644391,0.0020000000949949026
229,0.04385608906865924,0.5490257519196674,0.029514740456319546,0.5483738417203022,0.0020000000949949026
230,0.04584035225513255,0.5504195814316493,0.027977705495390578,0.549735823866914,0.0020000000949949026
231,0.04544017284857362,0.5517769962674204,0.028018148278914204,0.551124021391265,0.0020000000949949026
232,0.04565179118765078,0.5531522549505788,0.02784694547838839,0.5524682165176383,0.0020000000949949026
233,0.048503730885743154,0.5545451226695369,0.027901925748301123,0.5538651906035321,0.0020000000949949026
234,0.045153858836329254,0.5557948040086066,0.029439015981618383,0.5551702947819076,0.0020000000949949026
235,0.04596082464012521,0.5571008959120325,0.027873594846814932,0.5564526187333426,0.0020000000949949026
236,0.044987937313960176,0.5585407238176109,0.026406747893141617,0.5578028102290521,0.0020000000949949026
237,0.04439480088556075,0.5598050288652169,0.02792586562009672,0.5591959832328872,0.0020000000949949026
238,0.04619829985558333,0.5609781491630254,0.02810703819675689,0.5603769643290039,0.0020000000949949026
239,0.046561491411043175,0.5622532677098094,0.02741007883622896,0.5615934694620381,0.0020000000949949026
240,0.0456911504796028,0.5635298836938345,0.027355679369775766,0.5629047447546652,0.0020000000949949026
241,0.04546598757900572,0.5646940165111731,0.02789833247658697,0.5641232899020896,0.0020000000949949026
242,0.04652876113398112,0.5659616217061815,0.026517461057292812,0.5653199077106257,0.0020000000949949026
243,0.04629862826416602,0.5672084004526156,0.026804147011091444,0.5665948459311215,0.0020000000949949026
244,0.04629329769586386,0.5684487355643459,0.027011032402366592,0.5678240170012339,0.0020000000949949026
245,0.0522196310112212,0.569627352310365,0.02751960203873622,0.5690399349322484,0.0020000000949949026
246,0.047055547074845896,0.5708289305464294,0.027214050199812722,0.5702651867190075,0.0020000000949949026
247,0.04903131027648912,0.5720074158455765,0.027284525182461803,0.571439245917944,0.0020000000949949026
248,0.04731723740611345,0.57317505398029,0.02728853854920647,0.5726126785296417,0.0020000000949949026
249,0.04426105621270715,0.5743945504058638,0.02709521076734461,0.5738019768743066,0.0020000000949949026
250,0.04830022761946937,0.5755225628441814,0.027237465320525022,0.5749163375969716,0.0020000000949949026
251,0.044715591263654486,0.5765635014913599,0.030211635482756776,0.5760783460776853,0.0020000000949949026
252,0.043365795563813446,0.5776301557036343,0.02719034564820238,0.5771099466019888,0.0020000000949949026
253,0.04386240089430626,0.5787317263811012,0.027268874437069636,0.5781742269805225,0.0020000000949949026
254,0.04551069851365037,0.5798263458260905,0.027681407917093784,0.5792908174064808,0.0020000000949949026
255,0.04600798908757412,0.5808611177436268,0.027489697269232453,0.5803422888885933,0.0020000000949949026
256,0.04472949258751119,0.5820346690233724,0.02623577345260726,0.5814398462756734,0.0020000000949949026
257,0.04775208714608507,0.5831494935620253,0.026366573708517575,0.5826253661116778,0.0020000000949949026
258,0.046678645420657076,0.5842887447793159,0.026417153362132965,0.5837179143499944,0.0020000000949949026
259,0.045458511139384504,0.5853535275224061,0.026871126029521672,0.5848605814538548,0.0020000000949949026
260,0.04680757067957234,0.5863954386883494,0.02666665011036987,0.5858809410700943,0.0020000000949949026
261,0.04786565111016555,0.5873979528149802,0.027975756739368807,0.5869395855671147,0.0020000000949949026
262,0.04479794026461232,0.5883382707744962,0.028423152515062788,0.5878911342094046,0.0020000000949949026
263,0.047496012164778556,0.5892833944849799,0.027649038951416415,0.5888433168752111,0.0020000000949949026
264,0.04817300915398476,0.5902091202584479,0.028976742694952026,0.58975463758959,0.0020000000949949026
265,0.04768784243876335,0.5911790824160262,0.02763384503011786,0.5906839655975552,0.0020000000949949026
266,0.04800178382882806,0.5921414310831687,0.026824677915856146,0.5916503973007837,0.0020000000949949026
267,0.046548267023794616,0.5930964912462549,0.027669589793389786,0.5926226386892489,0.0020000000949949026
268,0.04565291178312479,0.5940112256708558,0.02767402538960217,0.5935256774957521,0.0020000000949949026
269,0.04584203339492618,0.5949751320822357,0.02755832030717055,0.5944788546583466,0.0020000000949949026
270,0.04586938597773328,0.5958498887299587,0.027009959376432614,0.5954109776768374,0.0020000000949949026
271,0.04419893153849608,0.5968235698507197,0.02695316079870991,0.5963627019424006,0.0020000000949949026
272,0.04830132270644525,0.5978065577004754,0.027191260176442262,0.5973435875130436,0.0020000000949949026
273,0.04417048988678769,0.5987313206452487,0.027135115561749232,0.5982983697468321,0.0020000000949949026
274,0.04516757500100542,0.5995308768732571,0.027611316492676893,0.5991428404626796,0.0020000000949949026
275,0.04503145477728571,0.6004617619066865,0.026500497745350397,0.5999842090814215,0.0020000000949949026
276,0.04769123015944509,0.6013648523073938,0.02650513253829987,0.6009301774360284,0.0020000000949949026
277,0.04547768309008969,0.6022033913420755,0.026835579763533783,0.6017851620713797,0.0020000000949949026
278,0.045000259919483775,0.603046296050931,0.027122667705653653,0.6026107597662204,0.0020000000949949026
279,0.045750394985140344,0.6038952584939967,0.026637193266812586,0.6034995532015192,0.0020000000949949026
280,0.047016576030014516,0.6047646749488651,0.026215614398923063,0.6043086390049137,0.0020000000949949026
281,0.04605144358732706,0.6056936588238784,0.026288387786019475,0.6052392142591029,0.0020000000949949026
282,0.042994701941466595,0.6065777970426973,0.026616297644172608,0.6061651929578844,0.0020000000949949026
283,0.04631444106274986,0.6074388834062108,0.026648107231222525,0.6070357682487532,0.0020000000949949026
284,0.04460301467210746,0.6083633577321279,0.025756288347967223,0.6079172655244414,0.0020000000949949026
285,0.04574009760868312,0.6093083257348518,0.02551156699641773,0.6088428056270374,0.0020000000949949026
286,0.04476737049301166,0.6101327058748497,0.027764548740771167,0.6097379847174604,0.0020000000949949026
287,0.045487694663297135,0.6109775534784673,0.02638027080627678,0.6105591187442242,0.0020000000949949026
288,0.044832663099870676,0.6118514761492381,0.026276824300956615,0.6114300103007763,0.0020000000949949026
289,0.042162104404406445,0.6127151465830223,0.02661916096890453,0.612282092060885,0.0020000000949949026
290,0.046224713820321936,0.6134614259010545,0.027216266846504376,0.6131073480871153,0.0020000000949949026
291,0.050154210447849054,0.6142588851812335,0.02635726573650678,0.6138886061931406,0.0020000000949949026
292,0.04291651510863104,0.6149450161510869,0.033394903688262846,0.6145643944295401,0.0020000000949949026
293,0.041624121498104454,0.615705365558001,0.027220815344377515,0.6153226372182812,0.0020000000949949026
294,0.04277943197209265,0.6164738828249742,0.026611554842586833,0.616069445471996,0.0020000000949949026
295,0.04238418598915518,0.6172646251009543,0.026386602934840683,0.6168595428733585,0.0020000000949949026
296,0.04364010602008589,0.6181372863364977,0.025795720057415223,0.617706145097655,0.0020000000949949026
297,0.0461324025122028,0.6188861729024008,0.02649793929139941,0.6185060032399512,0.0020000000949949026
298,0.04358025614115675,0.6196087679273476,0.026733250256355336,0.6192452801101059,0.0020000000949949026
299,0.04312681628588452,0.6204110987295475,0.025932602564168235,0.6200281521390288,0.0020000000949949026
300,0.04268055998646818,0.6212147261321675,0.025667057177398835,0.6208370158825967,0.0020000000949949026
301,0.04411160448243081,0.6218439187978779,0.02776720015952819,0.6215141117827429,0.0020000000949949026
302,0.0426408995806105,0.6226454587879833,0.025812133389999173,0.6222548265338469,0.0020000000949949026
303,0.0453693475667913,0.6234191983717988,0.025610875426862762,0.623041094750993,0.0020000000949949026
304,0.04440826751762091,0.6241372040414706,0.026071493953381424,0.6237712547971608,0.0020000000949949026
305,0.04342397413775966,0.6249028395720768,0.02580655556451239,0.6245095054206715,0.0020000000949949026
306,0.046458469142514634,0.6256568989211841,0.025663657609851367,0.6253196732100514,0.0020000000949949026
307,0.0451598982173698,0.6262899647221871,0.026685903956212138,0.6260156841488511,0.0020000000949949026
308,0.04526041390906747,0.626957836516822,0.0266663007625518,0.6266341753682582,0.0020000000949949026
309,0.043829188334983955,0.6276759814187536,0.025549511187718497,0.6273116868050523,0.0020000000949949026
310,0.04891385137370723,0.6283580438567418,0.02632178042043064,0.6280303077969093,0.0020000000949949026
311,0.044449748181956884,0.6291166193141942,0.025176266843026294,0.6287667233239904,0.0020000000949949026
312,0.04871661832442768,0.6297849743504808,0.02644898278271491,0.6294728453738969,0.0020000000949949026
313,0.04573929509469727,0.6304143823285957,0.027429133377727767,0.6301050132595921,0.0020000000949949026
314,0.04647256198042274,0.6310760714775887,0.026596515868689045,0.6307427056512985,0.0020000000949949026
315,0.044610860242109286,0.6317012687988426,0.0265499329220077,0.631377104759555,0.0020000000949949026
316,0.045274447322031675,0.6323921052262481,0.025626992679986794,0.6320674021066499,0.0020000000949949026
317,0.0438807216811546,0.6329232915113947,0.028211260276166168,0.6326349777318002,0.0020000000949949026
318,0.04540978664427231,0.6335914607340404,0.025682863341757983,0.6332509566587856,0.0020000000949949026
319,0.044475458228362505,0.6342715792534998,0.02506257403669512,0.6339533936121914,0.0020000000949949026
320,0.044578734169327824,0.6349629793953748,0.025291794563619255,0.6346374302201316,0.0020000000949949026
321,0.04391082803052748,0.6356198438061005,0.026243691802169858,0.6353063680072749,0.0020000000949949026
322,0.04490857700306418,0.6362809590505749,0.02594713853689075,0.6359684688644638,0.0020000000949949026
323,0.046127189579837934,0.6369517416041698,0.025241077088599486,0.6366114469864387,0.0020000000949949026
324,0.044983066885210664,0.6375773514557532,0.026297568708256575,0.637289927338512,0.0020000000949949026
325,0.04455626594347234,0.6382285968757851,0.02553594916965024,0.6378880659789444,0.0020000000949949026
326,0.04532435654272909,0.6387402120526022,0.027318848805792644,0.6384943055762897,0.0020000000949949026
327,0.044749339526123685,0.6393838293756676,0.02567844771405517,0.6390660167281454,0.0020000000949949026
328,0.04607714147650175,0.6400103667598059,0.025271125996569332,0.6396812939623489,0.0020000000949949026
329,0.046476289328225,0.6405959043979931,0.025856960959979445,0.6403257754922187,0.0020000000949949026
330,0.04368587395969558,0.6412143552043801,0.0257969879154076,0.6409101870580183,0.0020000000949949026
331,0.04574626318766507,0.6418797492814298,0.02508592470782247,0.6415375979590348,0.0020000000949949026
332,0.04580530847236805,0.6425212625379164,0.026316129902184737,0.64220909338845,0.0020000000949949026
333,0.04520716018949986,0.6431025038085489,0.027929169317303316,0.6428335672297033,0.0020000000949949026
334,0.047632009603781555,0.643652351359205,0.027732767709464284,0.6433716125984976,0.0020000000949949026
335,0.04515860898709025,0.6442050430525652,0.02710635565870534,0.6439259159379379,0.0020000000949949026
336,0.04290730308315141,0.6448377726295643,0.02549088588966126,0.6445279868194851,0.0020000000949949026
337,0.04649495475324865,0.6453960670166823,0.02589806204553772,0.6451309123180207,0.0020000000949949026
338,0.044912474659508324,0.6459316157975643,0.02629312516016604,0.6457062107167911,0.0020000000949949026
339,0.04649356465146098,0.6464993612290572,0.02636947463703777,0.6462455499416537,0.0020000000949949026
340,0.04921274310432956,0.6471203316203225,0.02499446990019162,0.6468304358305769,0.0020000000949949026
341,0.04431680979768681,0.6477140823785764,0.025487748614539472,0.6474218171369376,0.0020000000949949026
342,0.04564976609706703,0.6483099918439761,0.025244945601822374,0.6480155373156168,0.0020000000949949026
343,0.045754824202382485,0.648917066353344,0.024990059540108692,0.6486025905907297,0.0020000000949949026
344,0.044978420236125326,0.6494897963140261,0.025430112194217355,0.6491974666214474,0.0020000000949949026
345,0.04803269077073039,0.6499605142525006,0.026303165363579656,0.6497299550491499,0.0020000000949949026
346,0.04522126762864591,0.6505772092991398,0.024953303788682945,0.6502936048866018,0.0020000000949949026
347,0.04637041969388853,0.6511210746719425,0.025375588939691565,0.6508584401002901,0.0020000000949949026
348,0.04592423378090064,0.6517068024807308,0.025165091742363005,0.651414795384706,0.0020000000949949026
349,0.04554013688164697,0.6522592211141066,0.025535529876847728,0.6520037380246052,0.0020000000949949026
350,0.04543266264503131,0.6528120929427744,0.0259021306473137,0.6525330285513696,0.0020000000949949026
351,0.047031874242724495,0.6533446279333003,0.025175854838034528,0.6530785293330515,0.0020000000949949026
352,0.045442726852245645,0.6538561453880225,0.027459790536796636,0.6536087045764323,0.0020000000949949026
353,0.046639509053518984,0.6543535986345687,0.026333247064214974,0.654101469121308,0.0020000000949949026
354,0.04767589395268076,0.6548843883530022,0.025842641518122666,0.6546348025735117,0.0020000000949949026
355,0.04849660354791858,0.6553711022282162,0.02744065228365288,0.6551405469632077,0.0020000000949949026
356,0.04595322345570506,0.6558491788582814,0.02663312317136487,0.6556031810998829,0.0020000000949949026
357,0.046612953661738274,0.6563984151369373,0.024907690038357043,0.6561095612519526,0.0020000000949949026
358,0.046239535663220574,0.656923735144135,0.027043266462904305,0.6566731179517319,0.0020000000949949026
359,0.04885221877377435,0.6575028286000224,0.024604378534300468,0.6572251912565105,0.0020000000949949026
360,0.047614622229941526,0.6580772177530712,0.024953137928655347,0.6578126422067864,0.0020000000949949026
361,0.045520844376985996,0.6585881298284033,0.025736896433225145,0.6583519395218127,0.0020000000949949026
362,0.046280537212563186,0.6591657121571471,0.024533969636251724,0.6588916345933561,0.0020000000949949026
363,0.04718049173915774,0.6597011241580475,0.024702446097187598,0.6594124636211489,0.0020000000949949026
364,0.04598175627411135,0.6602155505741859,0.025400366523291962,0.6599555560727834,0.0020000000949949026
365,0.0479590603775527,0.6606887215050914,0.025878517100525293,0.6604471267210876,0.0020000000949949026
366,0.044378010471362396,0.6611257511292814,0.026714957711139502,0.6609030236062043,0.0020000000949949026
367,0.04897728399240037,0.6616763569814896,0.02447290113626213,0.6613973699801864,0.0020000000949949026
368,0.04521305386606273,0.6622173588314479,0.02523429513143615,0.6619641976810395,0.0020000000949949026
369,0.04559566368471741,0.6626957429248177,0.026125552896576202,0.6624566737349897,0.0020000000949949026
370,0.04389919393290101,0.6632375442769824,0.024656554166424472,0.6629933346254006,0.0020000000949949026
371,0.04535135262238913,0.6637302047601117,0.02576466922861857,0.6634921028118592,0.0020000000949949026
372,0.046529772759978806,0.6643133050123565,0.024274570934108376,0.6640215278120253,0.0020000000949949026
373,0.047470300699537595,0.6647974516856401,0.025653889696311622,0.6645610815228631,0.0020000000949949026
374,0.044005565010481563,0.665271959643843,0.02502916627300986,0.6650372633322398,0.0020000000949949026
375,0.045337991453632834,0.6657752294204229,0.024316447372719475,0.6655115871119796,0.0020000000949949026
376,0.04681718290304465,0.6662731867648894,0.024311934618449094,0.6660132235579179,0.0020000000949949026
377,0.04776520950960153,0.6667326215333941,0.025068477483235332,0.6665059662298328,0.0020000000949949026
378,0.04640964958995025,0.6671850567500177,0.025039355172520265,0.6669597007237583,0.0020000000949949026
379,0.04526795867740903,0.6676048110148995,0.027019574648163885,0.6673838630118067,0.0020000000949949026
380,0.047321302082931234,0.6680347009859376,0.025420919221596047,0.667815838932577,0.0020000000949949026
381,0.04939832104099513,0.6685270218642524,0.02388177739740766,0.6682726080329242,0.0020000000949949026
382,0.046627957362555844,0.6690287812160403,0.024273525482399732,0.6687785057879897,0.0020000000949949026
383,0.04551966461627373,0.669514076734032,0.024192712623634156,0.669289389764564,0.0020000000949949026
384,0.04742776251436905,0.6699661616915259,0.02496619121151144,0.6697395654219513,0.0020000000949949026
385,0.048185832766307,0.6704135303466839,0.025313715913744844,0.6701785076736937,0.0020000000949949026
386,0.04914747977641611,0.6708535050260156,0.025127352366968496,0.6706555918581176,0.0020000000949949026
387,0.047969045975676444,0.6713016264353394,0.024569426081764687,0.6711061677906864,0.0020000000949949026
388,0.04737368417448905,0.6717353769350557,0.024555547832468758,0.6715325569796171,0.0020000000949949026
389,0.049024660981080624,0.6722131229361208,0.02415142327966906,0.6719704290860073,0.0020000000949949026
390,0.04581571779847086,0.6726743294041815,0.024044471153299725,0.6724465406552024,0.0020000000949949026
391,0.048070457120244915,0.6731632782928668,0.02447181248268636,0.672913263320489,0.0020000000949949026
392,0.050230933118549516,0.6735675795506355,0.026246758485454647,0.6733972090070585,0.0020000000949949026
393,0.04625087023917311,0.6739485133353741,0.025584699947021176,0.6737686515982804,0.0020000000949949026
394,0.047108818107405546,0.6743098865589602,0.02806288848179266,0.6741361871390008,0.0020000000949949026
395,0.0478534728265032,0.6747494742187978,0.02491018499846113,0.6745315514710692,0.0020000000949949026
396,0.046354925744581485,0.6751368112232672,0.025602919664986075,0.6749488395584848,0.0020000000949949026
397,0.04819627694686494,0.6755778010148166,0.024501074497983204,0.6753531709459399,0.0020000000949949026
398,0.04798544441720932,0.6760370125545816,0.024318071579100976,0.6758329455250384,0.0020000000949949026
399,0.044557428383527733,0.676428893320999,0.026101437979107814,0.6762200461407615,0.0020000000949949026
400,0.047763614278236,0.6768465802796663,0.02466645152338999,0.6766410326078551,0.0020000000949949026
401,0.04546770060612603,0.6772773423808193,0.024566780926422484,0.677069821561522,0.0020000000949949026
402,0.04609571991644482,0.6776431837861876,0.02650062202323106,0.6774667506205152,0.0020000000949949026
403,0.05234665955228515,0.6780681789623708,0.025068316080900346,0.6778878515446388,0.0020000000949949026
404,0.04758456013337259,0.6784347564440324,0.026492919738304508,0.6782409941242523,0.0020000000949949026
405,0.04735118980152209,0.6788605068861807,0.024708293840247447,0.6786767087292851,0.0020000000949949026
406,0.047572268950454785,0.679208868607471,0.025978939629214735,0.6790139006470677,0.0020000000949949026
407,0.04703584131638579,0.6796397848331168,0.024164340969018882,0.6794234079026042,0.0020000000949949026
408,0.046533338629873196,0.6800016308940288,0.02513767461279238,0.6798165341347289,0.0020000000949949026
409,0.04757527129277823,0.6804299515022688,0.02454713234695252,0.680214292859529,0.0020000000949949026
410,0.0502975198029941,0.6808605958464523,0.024212794968732507,0.6806558148136842,0.0020000000949949026
411,0.046633614543741625,0.6812448189576181,0.02565627547501489,0.6810612825381581,0.0020000000949949026
412,0.04847707385349217,0.6816281182384548,0.025304993101126626,0.6814334517210917,0.0020000000949949026
413,0.04804273904723659,0.6820540502444222,0.02461755172845439,0.681862980326751,0.0020000000949949026
414,0.04745606309347745,0.6824588414102298,0.024178844896047432,0.6822706243241728,0.0020000000949949026
415,0.04756833276379403,0.6828770365499798,0.023875753426852234,0.682681916383542,0.0020000000949949026
416,0.045950449938634216,0.6832357821336925,0.02506582946489032,0.6830423928074898,0.0020000000949949026
417,0.04915965540034577,0.6835644642392961,0.025746658615938188,0.6834105323852004,0.0020000000949949026
418,0.04853153467712633,0.6839841903267875,0.023808881424296574,0.6837697780738017,0.0020000000949949026
419,0.05006071558408831,0.6843753339455279,0.02452504977636013,0.6841978527082934,0.0020000000949949026
420,0.04895364468167634,0.6846920708612885,0.026019822640828427,0.6845374674549796,0.0020000000949949026
421,0.05229454898427801,0.685009812270664,0.02619931546357575,0.6848758536463395,0.0020000000949949026
422,0.04508589811479931,0.6853757732662584,0.02517697604750248,0.6851699854403294,0.0020000000949949026
423,0.044142942547189125,0.685771117720843,0.02458986629842399,0.6855784074517554,0.0020000000949949026
424,0.05384990943196573,0.6860663841435931,0.02674080314812709,0.6859297571582856,0.0020000000949949026
425,0.044889568707282064,0.6863991887668948,0.026037236587135287,0.6862387773263525,0.0020000000949949026
426,0.045752649798787515,0.6867662197652633,0.024229340169307653,0.6865733407928654,0.0020000000949949026
427,0.047292980693677565,0.6871110633125747,0.024602471276601742,0.6869319016302691,0.0020000000949949026
428,0.04751945954775334,0.6875276810065319,0.02328262421585014,0.687313112912621,0.0020000000949949026
429,0.047167897196764695,0.6878589026009415,0.025095097151517615,0.6876977549811006,0.0020000000949949026
430,0.048191509041419014,0.6881734475490455,0.025222747896302296,0.6880288946301435,0.0020000000949949026
431,0.0461097690567433,0.6885785582609845,0.02379040876639803,0.6883564323945186,0.0020000000949949026
432,0.048682786256206485,0.68889767057719,0.02552097398595803,0.6887716785699474,0.0020000000949949026
433,0.04777431592675683,0.6892429567488078,0.024443674858708325,0.6890797233031776,0.0020000000949949026
434,0.04861840215631032,0.6896400435589402,0.023674789687962456,0.6894502597473083,0.0020000000949949026
435,0.04560678065637988,0.6899045331763345,0.025900798343624763,0.6897755743557272,0.0020000000949949026
436,0.04350538623765273,0.6902250974435923,0.02483830253346017,0.6900689796797055,0.0020000000949949026
437,0.04795628616258927,0.6905039627680122,0.02583247514910118,0.6903737822197481,0.0020000000949949026
438,0.04950423491912531,0.6908086065596536,0.024663873797654147,0.6906703405141505,0.0020000000949949026
439,0.049822597062662906,0.6911734046754138,0.023660773798924926,0.6909817817504369,0.0020000000949949026
440,0.04922761842915424,0.6914934562260647,0.024947695852272474,0.6913642613232219,0.0020000000949949026
441,0.047615050700302,0.6917948750457246,0.024858002349902472,0.691631239047506,0.0020000000949949026
442,0.048664482160395095,0.6921592504768189,0.02398983940758445,0.6919862456815766,0.0020000000949949026
443,0.04675827730486938,0.6924968624224509,0.024118439191992344,0.692332821686851,0.0020000000949949026
444,0.047519048679137456,0.6928007322703384,0.02595687795412171,0.6926414260265863,0.0020000000949949026
445,0.04843171119660105,0.693100110996929,0.025433326349941717,0.6929458421116929,0.0020000000949949026
446,0.047891121159444036,0.6934118384202607,0.025895875567746824,0.6932659987492316,0.0020000000949949026
447,0.0480362393026845,0.6937501902634544,0.024254188868543587,0.6935692398092306,0.0020000000949949026
448,0.048813376305463674,0.6940845400243789,0.024604851395761167,0.6939215859623974,0.0020000000949949026
449,0.04885651585533316,0.6944497703958324,0.023393270061967248,0.6942770904441031,0.0020000000949949026
450,0.047508510958472264,0.6948009090602624,0.023786004700919728,0.6946185430406854,0.0020000000949949026
451,0.0495949572041164,0.695124036577235,0.024484954668222786,0.6949629858337082,0.0020000000949949026
452,0.0499295084824111,0.6954536520127695,0.024211219081686705,0.6952968600387149,0.0020000000949949026
453,0.05151155028303042,0.6957810991582267,0.02402360180230257,0.6956321976856762,0.0020000000949949026
454,0.05109201056856779,0.6960867372058169,0.024155182379073867,0.695938644824336,0.0020000000949949026
455,0.05213407098304013,0.6963796041696068,0.02477275459438531,0.6962385701200849,0.0020000000949949026
456,0.04800605148106164,0.6966430313553381,0.025801035094534682,0.6965093183644712,0.0020000000949949026
457,0.048325314305331,0.6969529516996441,0.024066687651782267,0.6968027393824807,0.0020000000949949026
458,0.05040635231105535,0.697246712983095,0.024355915762342778,0.6971046033818542,0.0020000000949949026
459,0.05054347253455354,0.6975607276915171,0.02389387005296193,0.69739227244747,0.0020000000949949026
460,0.04783768480922383,0.6978600842761784,0.024551829378276623,0.6977258682520834,0.0020000000949949026
461,0.04849226672871297,0.6981631233255521,0.02428641451653606,0.6980117335332694,0.0020000000949949026
462,0.04996886475858322,0.698473045157891,0.024039947112676475,0.6983170141598813,0.0020000000949949026
463,0.05017391551164297,0.6987500510483368,0.024189965758463876,0.6986032038414813,0.0020000000949949026
464,0.0483689748970787,0.6990378776757522,0.02574022632961873,0.6989010798689971,0.0020000000949949026
465,0.050306114147395005,0.6992927252448722,0.024843094306230974,0.6991692216151053,0.0020000000949949026
466,0.049784516447265864,0.6995765983594114,0.02483309772233642,0.699439265876233,0.0020000000949949026
467,0.04589237635849603,0.6998850980132598,0.024749938272021522,0.6997347533909873,0.0020000000949949026
468,0.04651052941936899,0.7001330628708401,0.025320797343990283,0.7000071416629586,0.0020000000949949026
469,0.046363088596497216,0.700385810206554,0.025365960896025087,0.7002670542727679,0.0020000000949949026
470,0.048167774954496784,0.700635826716243,0.025454550363998633,0.7005129045742307,0.0020000000949949026
471,0.04952092761697244,0.7009580378549551,0.023478357345908765,0.7007916659602553,0.0020000000949949026
472,0.050418168906625656,0.7012535324586183,0.024142222503509777,0.7011118890249242,0.0020000000949949026
473,0.050682044165804234,0.7015524373479248,0.023339700965365175,0.7014021443839434,0.0020000000949949026
474,0.048740258758299584,0.701802610981981,0.025035343769358728,0.7016766569483371,0.0020000000949949026
475,0.049247850693510654,0.7020153893618758,0.026237985686696132,0.7019003202305183,0.0020000000949949026
476,0.04759418336684586,0.7022589003108851,0.025108580459129812,0.7021227011936756,0.0020000000949949026
477,0.05099844678003571,0.7024637777957227,0.02575951784621227,0.7023645848876139,0.0020000000949949026
478,0.04876635461924656,0.702739204490449,0.02428607202111164,0.7026089820340939,0.0020000000949949026
479,0.050932174249657715,0.703031097840282,0.023581509244900743,0.7028905889712718,0.0020000000949949026
480,0.050050429117651535,0.7032395090222573,0.02717164855135021,0.7031535112720376,0.0020000000949949026
481,0.05024597941759376,0.7034200941085434,0.026307541628525687,0.7033316289682631,0.0020000000949949026
482,0.04840018605262709,0.7036104656894311,0.02528041102776133,0.7035097577537555,0.0020000000949949026
483,0.049738478572447266,0.7038357099754405,0.025303619514510826,0.7037261520161263,0.0020000000949949026
484,0.05080485281349988,0.7041244365413293,0.024031436095809544,0.7039779303516157,0.0020000000949949026
485,0.051316040482106924,0.7043869027197183,0.02416317930459812,0.7042706873278347,0.0020000000949949026
486,0.05166627250096016,0.7046417056240435,0.024209011940072196,0.7045408998969969,0.0020000000949949026
487,0.05081828335392878,0.7048760021973304,0.024773939986459485,0.7047897408069611,0.0020000000949949026
488,0.052554480300289606,0.7051347926250112,0.023688353695056317,0.7050098061425333,0.0020000000949949026
489,0.05064307173160535,0.7054264799834774,0.023120317483255496,0.7052900629088714,0.0020000000949949026
490,0.051810863118340045,0.7056768334790431,0.024212570347598085,0.7055567745099284,0.0020000000949949026
491,0.05278138994848019,0.7059651775609621,0.02315189464802289,0.7058232090598764,0.0020000000949949026
492,0.05412991292737823,0.7062476239138695,0.02377814666675325,0.7060814541259558,0.0020000000949949026
493,0.05125059939670234,0.7065435852836843,0.023276433501307984,0.7064027321386672,0.0020000000949949026
494,0.05251302662401216,0.706834675929064,0.023660474967571996,0.7066979323788365,0.0020000000949949026
495,0.05268524812049423,0.7071102806877562,0.023413581386370497,0.7069685890623609,0.0020000000949949026
496,0.05212339977504545,0.7074079960673922,0.023204486189232935,0.7072707488189539,0.0020000000949949026
497,0.05229469079251717,0.707677671288882,0.023615843474811056,0.7075530606666928,0.0020000000949949026
498,0.056826561712065224,0.7079256504553865,0.024303595256392103,0.7078016688310258,0.0020000000949949026
499,0.0531406807831826,0.7082051465867022,0.023414556352998498,0.7080619614946065,0.0020000000949949026
